{"type":"FeatureCollection","features":[{"type":"Feature","properties":{"code":"16705992B77600989823530","name_en":"Bagerhat"},"geometry":{"type":"MultiPolygon","coordinates":[[[[89.84021,21.82784],[89.84128,21.81001],[89.85587,21.80969],[89.84021,21.82784]]],[[[89.54495,21.84952],[89.54029,21.84942],[89.53086,21.82295],[89.54887,21.80063],[89.54984,21.7926],[89.53967,21.78172],[89.54784,21.77156],[89.5365,21.77239],[89.54456,21.74578],[89.5554,21.72532],[89.56863,21.71537],[89.60559,21.71854],[89.6051,21.72781],[89.58916,21.74752],[89.58658,21.76434],[89.6022,21.77719],[89.60372,21.80115],[89.54495,21.84952]]],[[[89.8608,21.83503],[89.8633,21.85253],[89.85305,21.85778],[89.85235,21.84691],[89.8608,21.83503]]],[[[89.65411,21.85744],[89.66061,21.86974],[89.6443,21.89781],[89.63268,21.88646],[89.63111,21.87575],[89.63798,21.86491],[89.65411,21.85744]]],[[[89.57065,21.92955],[89.57295,21.93333],[89.5711,21.93533],[89.57065,21.92955]]],[[[89.61476,21.94673],[89.58842,21.94647],[89.57341,21.93525],[89.54875,21.87571],[89.55761,21.85983],[89.57515,21.86292],[89.59365,21.87371],[89.58009,21.8922],[89.59226,21.89877],[89.60094,21.89105],[89.59141,21.89787],[89.58124,21.89176],[89.59434,21.87194],[89.55459,21.85756],[89.55617,21.85202],[89.61483,21.80161],[89.61828,21.78397],[89.60955,21.76478],[89.63601,21.75655],[89.64702,21.76357],[89.65185,21.75455],[89.66718,21.75434],[89.69887,21.77281],[89.69676,21.79389],[89.6607,21.8215],[89.62574,21.86371],[89.62576,21.88298],[89.64626,21.90994],[89.62158,21.94498],[89.61476,21.94673]]],[[[89.5455,21.88108],[89.56942,21.93388],[89.54341,21.96058],[89.5455,21.88108]]],[[[89.71448,21.97668],[89.70377,21.98612],[89.70473,22.00625],[89.69617,22.00528],[89.68648,21.99264],[89.69312,21.94279],[89.67845,21.90495],[89.65849,21.88669],[89.66926,21.87012],[89.66613,21.84875],[89.67297,21.83685],[89.68193,21.84672],[89.70631,21.84548],[89.68828,21.85478],[89.69742,21.85729],[89.69452,21.86497],[89.7013,21.8641],[89.70355,21.88146],[89.71238,21.88802],[89.71241,21.88204],[89.70539,21.88157],[89.70246,21.86315],[89.69608,21.86411],[89.6988,21.8577],[89.69051,21.85463],[89.7093,21.84734],[89.70064,21.84212],[89.70818,21.8342],[89.74176,21.83999],[89.74087,21.86595],[89.72892,21.8894],[89.71129,21.90156],[89.7272,21.92856],[89.7109,21.95712],[89.72202,21.97038],[89.72165,21.97693],[89.71448,21.97668]]],[[[89.57364,21.9417],[89.58191,21.9541],[89.56157,21.97523],[89.59293,21.99218],[89.60753,22.01591],[89.60082,22.02511],[89.56848,22.03753],[89.5483,21.9619],[89.56498,21.9433],[89.57364,21.9417]]],[[[89.8502,21.87323],[89.86543,21.88242],[89.87632,21.91016],[89.86074,21.96551],[89.85635,22.02808],[89.84284,22.04743],[89.83151,22.0501],[89.8268,22.04111],[89.84133,22.02444],[89.84204,22.00498],[89.8052,21.98931],[89.83647,21.96945],[89.84553,21.95622],[89.81563,21.93735],[89.80896,21.92367],[89.81235,21.91607],[89.84675,21.89522],[89.84269,21.87948],[89.8502,21.87323]]],[[[89.81745,22.05578],[89.77612,22.08879],[89.77154,22.07786],[89.7524,22.06478],[89.75152,22.0555],[89.74204,22.052],[89.74573,22.03599],[89.75619,22.03672],[89.7605,22.03058],[89.743,22.01594],[89.7528,22.006],[89.75213,21.99718],[89.73736,21.9906],[89.74731,21.98292],[89.74848,21.97336],[89.71522,21.96107],[89.72496,21.94111],[89.73366,21.95016],[89.76734,21.95197],[89.76542,21.96134],[89.77018,21.95627],[89.75907,21.94778],[89.73128,21.94756],[89.72652,21.93954],[89.73182,21.92008],[89.7163,21.90542],[89.73418,21.89188],[89.7489,21.85566],[89.77199,21.85246],[89.78002,21.86249],[89.78378,21.88542],[89.75461,21.88474],[89.74809,21.89371],[89.75649,21.88547],[89.78362,21.88695],[89.7846,21.89893],[89.7756,21.90461],[89.78569,21.90873],[89.78118,21.91902],[89.77069,21.90857],[89.77306,21.93585],[89.77189,21.90993],[89.78121,21.92085],[89.78812,21.90912],[89.77901,21.90514],[89.78676,21.89836],[89.78305,21.86941],[89.78774,21.87752],[89.79488,21.87309],[89.8078,21.87815],[89.81175,21.88927],[89.80765,21.88993],[89.81262,21.89045],[89.80811,21.87725],[89.79486,21.87176],[89.78793,21.87538],[89.77046,21.83891],[89.77743,21.83342],[89.78794,21.84204],[89.83208,21.84845],[89.83855,21.85501],[89.83647,21.87695],[89.84499,21.89192],[89.80668,21.91994],[89.81362,21.93984],[89.84304,21.95608],[89.80356,21.98826],[89.84058,22.00752],[89.83992,22.02109],[89.82598,22.03695],[89.82296,22.05148],[89.79973,22.05274],[89.79725,22.04306],[89.79728,22.05277],[89.81745,22.05578]]],[[[89.6366,22.09746],[89.62943,22.10105],[89.62915,22.09587],[89.59968,22.08546],[89.59696,22.09104],[89.57182,22.04893],[89.59139,22.03902],[89.58964,22.05278],[89.60349,22.05394],[89.6009,22.06536],[89.60443,22.05435],[89.59079,22.05262],[89.59296,22.03836],[89.57427,22.04566],[89.56909,22.03869],[89.59561,22.02826],[89.60626,22.03337],[89.61571,22.02652],[89.6346,22.03013],[89.61939,22.04156],[89.6238,22.06021],[89.63272,22.06392],[89.62464,22.05906],[89.62094,22.04015],[89.63892,22.03235],[89.61751,22.02524],[89.60827,22.03185],[89.59965,22.02875],[89.60878,22.01665],[89.60435,22.00142],[89.58808,21.98562],[89.56292,21.97449],[89.58667,21.95031],[89.62588,21.94835],[89.64462,21.96498],[89.64471,21.98262],[89.62516,21.97904],[89.62031,21.99911],[89.62822,22.00386],[89.64015,21.99203],[89.65475,22.00406],[89.66001,22.01855],[89.65205,22.03724],[89.65641,22.05189],[89.6664,22.05514],[89.65923,22.0723],[89.64597,22.07107],[89.64903,22.09886],[89.6366,22.09746]]],[[[89.74705,22.13402],[89.71294,22.12837],[89.71071,22.07392],[89.70269,22.06357],[89.67774,22.05175],[89.70447,22.03425],[89.69793,22.00909],[89.70678,22.00719],[89.70818,21.98644],[89.71394,21.97914],[89.72393,21.97983],[89.72839,21.96889],[89.74603,21.97551],[89.73352,21.99084],[89.74937,21.99913],[89.74188,22.01772],[89.75569,22.02405],[89.75798,22.03228],[89.74303,22.03541],[89.73908,22.05209],[89.74981,22.05636],[89.75056,22.06587],[89.77361,22.08713],[89.76373,22.11823],[89.75505,22.13278],[89.74705,22.13402]]],[[[89.61857,22.16673],[89.6119,22.16158],[89.61418,22.14868],[89.60374,22.1253],[89.59845,22.08772],[89.62774,22.0966],[89.62862,22.1021],[89.64908,22.10043],[89.64735,22.07172],[89.65939,22.07383],[89.66797,22.0558],[89.65756,22.05148],[89.65401,22.03761],[89.66178,22.0188],[89.65538,22.0023],[89.63937,21.99055],[89.62368,21.99984],[89.62627,21.98101],[89.64197,21.98592],[89.64839,21.98105],[89.64521,21.95939],[89.62846,21.94492],[89.65721,21.90276],[89.66978,21.90862],[89.67694,21.92269],[89.68565,21.95651],[89.67633,21.98824],[89.69897,22.03245],[89.67243,22.04857],[89.68121,22.06604],[89.66685,22.08804],[89.68302,22.09579],[89.6638,22.09968],[89.67761,22.12131],[89.67537,22.14127],[89.65816,22.13737],[89.65919,22.14827],[89.64852,22.14797],[89.63407,22.16491],[89.61857,22.16673]]],[[[89.88929,22.15819],[89.88608,22.16675],[89.89054,22.14726],[89.88929,22.15819]]],[[[89.61981,22.2776],[89.61369,22.28098],[89.62358,22.29286],[89.61257,22.29747],[89.59366,22.27589],[89.5994,22.25247],[89.59311,22.22775],[89.58332,22.21844],[89.55408,22.2095],[89.55896,22.19046],[89.6043,22.12816],[89.6134,22.16763],[89.60561,22.18058],[89.61807,22.19846],[89.60352,22.20963],[89.60018,22.22629],[89.60413,22.23145],[89.62039,22.21539],[89.61315,22.24141],[89.60393,22.24713],[89.61959,22.25707],[89.60841,22.26862],[89.61983,22.27106],[89.62417,22.277],[89.61981,22.2776]]],[[[89.80105,22.94126],[89.78636,22.96209],[89.78761,22.98208],[89.7733,22.98174],[89.76085,22.96479],[89.74916,22.96391],[89.75112,22.94568],[89.72627,22.91758],[89.74119,22.91885],[89.72141,22.90291],[89.72829,22.89577],[89.71151,22.8918],[89.71929,22.88497],[89.71482,22.87775],[89.70841,22.88203],[89.6953,22.87439],[89.71782,22.84835],[89.71118,22.82543],[89.67585,22.81265],[89.6769,22.79651],[89.66593,22.79887],[89.65422,22.75499],[89.64716,22.75288],[89.64421,22.77412],[89.63113,22.76288],[89.61833,22.77583],[89.61125,22.77398],[89.59841,22.72228],[89.58529,22.71747],[89.58935,22.70987],[89.60096,22.70952],[89.60267,22.70213],[89.56977,22.69112],[89.57906,22.66853],[89.55647,22.67842],[89.54909,22.66137],[89.55241,22.64088],[89.53711,22.6256],[89.53237,22.6091],[89.57004,22.55016],[89.59619,22.44669],[89.60269,22.44686],[89.60617,22.43013],[89.62437,22.40211],[89.63641,22.34963],[89.61493,22.30006],[89.62555,22.29443],[89.61499,22.28023],[89.6249,22.27609],[89.6177,22.26832],[89.60983,22.26997],[89.621,22.2576],[89.60514,22.24756],[89.6153,22.24145],[89.6219,22.21559],[89.60283,22.22945],[89.60447,22.21161],[89.61959,22.19834],[89.60689,22.17897],[89.61469,22.16866],[89.64179,22.16188],[89.64955,22.14906],[89.66149,22.14901],[89.65826,22.13887],[89.67052,22.14505],[89.67756,22.14184],[89.67891,22.12099],[89.66552,22.09981],[89.68405,22.09835],[89.68177,22.09173],[89.669,22.08775],[89.6847,22.06718],[89.70447,22.07164],[89.70894,22.12965],[89.68959,22.17856],[89.69558,22.19085],[89.70937,22.18789],[89.70983,22.19947],[89.68931,22.19274],[89.69208,22.21403],[89.68726,22.21724],[89.67283,22.20834],[89.67603,22.23805],[89.63677,22.24845],[89.67474,22.25695],[89.65196,22.26069],[89.66588,22.27162],[89.64299,22.28775],[89.6696,22.27583],[89.65196,22.26172],[89.67404,22.2585],[89.67358,22.2538],[89.63775,22.24919],[89.67686,22.2387],[89.67415,22.20821],[89.68657,22.21831],[89.6943,22.21445],[89.73478,22.27721],[89.70003,22.27636],[89.70482,22.3073],[89.67684,22.3367],[89.6664,22.36388],[89.63981,22.36473],[89.66692,22.3666],[89.68222,22.33318],[89.70135,22.3122],[89.70564,22.34151],[89.7142,22.35032],[89.70684,22.3293],[89.71032,22.30345],[89.70357,22.2784],[89.73769,22.2799],[89.73323,22.26327],[89.69207,22.19678],[89.70748,22.20355],[89.71399,22.19827],[89.71111,22.18559],[89.69408,22.1832],[89.71267,22.13108],[89.7416,22.13651],[89.745,22.18627],[89.72976,22.201],[89.73748,22.21231],[89.73369,22.22115],[89.75076,22.19974],[89.76181,22.24355],[89.75376,22.25312],[89.76198,22.26035],[89.75453,22.25232],[89.76258,22.24352],[89.75312,22.20001],[89.74728,22.19641],[89.73664,22.20932],[89.73109,22.1986],[89.74744,22.18669],[89.74405,22.1385],[89.75797,22.13467],[89.77548,22.09245],[89.80099,22.0723],[89.83675,22.12316],[89.81058,22.14018],[89.81467,22.14997],[89.83438,22.1632],[89.80487,22.20891],[89.8079,22.22008],[89.83682,22.16403],[89.81327,22.14459],[89.84206,22.11968],[89.83487,22.10107],[89.80571,22.07546],[89.82055,22.0653],[89.84532,22.06379],[89.87691,22.09696],[89.88406,22.11487],[89.87674,22.1765],[89.88587,22.17727],[89.86186,22.23347],[89.85786,22.26932],[89.86762,22.30457],[89.8954,22.34659],[89.90163,22.37301],[89.87102,22.41896],[89.90055,22.44355],[89.9336,22.4482],[89.94456,22.46638],[89.93067,22.4779],[89.89483,22.47573],[89.88409,22.48561],[89.8821,22.4972],[89.8921,22.50688],[89.95067,22.49212],[89.96473,22.49245],[89.96962,22.50144],[89.96463,22.50768],[89.92339,22.5103],[89.95424,22.55404],[89.96236,22.5932],[89.91998,22.60668],[89.92697,22.64182],[89.89011,22.66318],[89.89665,22.67496],[89.91388,22.65968],[89.93688,22.68022],[89.91663,22.69293],[89.86825,22.69155],[89.86141,22.69903],[89.90464,22.72585],[89.932,22.72418],[89.93138,22.75238],[89.91342,22.75236],[89.90447,22.77256],[89.92163,22.78415],[89.93826,22.78494],[89.92783,22.7966],[89.914,22.79976],[89.9155,22.80753],[89.94466,22.82605],[89.94378,22.85649],[89.92159,22.86465],[89.91946,22.88106],[89.8509,22.888],[89.84997,22.8936],[89.86292,22.89643],[89.865,22.90307],[89.80105,22.94126]]]]}},{"type":"Feature","properties":{"code":"16705992B23463827258150","name_en":"Bandarban"},"geometry":{"type":"Polygon","coordinates":[[[92.61391,21.85191],[92.58573,21.88268],[92.52401,22.0247],[92.49862,22.11353],[92.49722,22.1533],[92.4834,22.22002],[92.46164,22.25645],[92.40031,22.31477],[92.36193,22.34086],[92.28089,22.35569],[92.26381,22.34389],[92.20826,22.33046],[92.19553,22.33228],[92.19762,22.34341],[92.18844,22.34637],[92.14594,22.34774],[92.14374,22.33274],[92.15166,22.3334],[92.15474,22.32286],[92.14835,22.29684],[92.13743,22.28609],[92.14338,22.2587],[92.13763,22.23447],[92.14945,22.22084],[92.14602,22.20573],[92.16431,22.18215],[92.15561,22.16519],[92.17103,22.14063],[92.16009,22.1284],[92.17323,22.11288],[92.16994,22.10451],[92.14117,22.09167],[92.16405,22.08429],[92.15551,22.06941],[92.17645,22.06395],[92.16131,22.04363],[92.17746,22.02435],[92.18216,22.0289],[92.19264,22.02479],[92.20236,22.01857],[92.20157,22.00817],[92.21605,22.00561],[92.20284,21.99988],[92.20099,21.98939],[92.21408,21.97477],[92.19443,21.96166],[92.19167,21.95326],[92.19613,21.95238],[92.18074,21.94296],[92.15984,21.94539],[92.17454,21.90984],[92.14679,21.90914],[92.12972,21.90157],[92.1119,21.91673],[92.1185,21.93458],[92.09902,21.92176],[92.07582,21.92358],[92.05969,21.90199],[92.0709,21.90082],[92.08336,21.87675],[92.08194,21.85781],[92.0898,21.84015],[92.07779,21.82574],[92.08052,21.80993],[92.10286,21.80828],[92.10814,21.79249],[92.13067,21.79994],[92.14813,21.77727],[92.16533,21.7746],[92.17966,21.79139],[92.18249,21.77882],[92.18966,21.77623],[92.17987,21.82154],[92.1672,21.84034],[92.18032,21.84777],[92.18445,21.83966],[92.1791,21.83347],[92.18658,21.8192],[92.19594,21.8253],[92.20463,21.81673],[92.20349,21.80452],[92.21236,21.78654],[92.19435,21.78519],[92.18869,21.77385],[92.17643,21.78917],[92.16086,21.76936],[92.1582,21.73459],[92.13978,21.73289],[92.1158,21.74111],[92.12141,21.7327],[92.10957,21.73104],[92.11876,21.71821],[92.10696,21.71899],[92.11421,21.7057],[92.10416,21.70487],[92.10361,21.69621],[92.0923,21.68865],[92.10072,21.68427],[92.10014,21.6732],[92.11221,21.66603],[92.1016,21.65863],[92.11438,21.65077],[92.0988,21.64391],[92.14056,21.61833],[92.1475,21.59566],[92.16151,21.60569],[92.17368,21.59978],[92.16863,21.58806],[92.18468,21.56851],[92.15901,21.54105],[92.16923,21.51373],[92.17522,21.50734],[92.18279,21.51217],[92.18564,21.50098],[92.18622,21.51024],[92.20143,21.51407],[92.20262,21.50325],[92.21714,21.50383],[92.22164,21.4832],[92.23222,21.48204],[92.23982,21.47266],[92.24225,21.45213],[92.22937,21.44634],[92.23342,21.42959],[92.24161,21.42619],[92.23774,21.41398],[92.24691,21.40832],[92.24562,21.40127],[92.22005,21.40079],[92.20188,21.39053],[92.18779,21.42648],[92.16398,21.43193],[92.14352,21.39998],[92.12646,21.40069],[92.14312,21.34877],[92.14969,21.34378],[92.15186,21.32176],[92.17104,21.2987],[92.17971,21.27165],[92.1927,21.26663],[92.18203,21.25273],[92.1796,21.2348],[92.16624,21.22101],[92.17381,21.18537],[92.20119,21.20658],[92.21806,21.2319],[92.21079,21.24823],[92.21974,21.25761],[92.19776,21.31963],[92.2115,21.33984],[92.25881,21.36218],[92.2558,21.38925],[92.26956,21.40042],[92.26907,21.4282],[92.29172,21.43048],[92.29724,21.42013],[92.32852,21.41908],[92.32642,21.43199],[92.33785,21.43602],[92.34347,21.46688],[92.38098,21.47987],[92.4281,21.42357],[92.43882,21.36518],[92.45961,21.36911],[92.49911,21.36107],[92.5111,21.3639],[92.50852,21.3773],[92.53379,21.38044],[92.54103,21.37614],[92.55794,21.38389],[92.5962,21.24408],[92.62288,21.25088],[92.62947,21.26858],[92.68026,21.28562],[92.67984,21.29769],[92.66355,21.31997],[92.65111,21.35857],[92.64115,21.42877],[92.62425,21.47546],[92.62724,21.48819],[92.60901,21.58466],[92.61103,21.62298],[92.60183,21.65471],[92.60773,21.68131],[92.6012,21.7026],[92.60874,21.73109],[92.60939,21.81711],[92.62143,21.82533],[92.61391,21.85191]]]}},{"type":"Feature","properties":{"code":"16705992B13795829103768","name_en":"Barguna"},"geometry":{"type":"MultiPolygon","coordinates":[[[[89.87968,22.07869],[89.8829,22.09103],[89.87521,22.08308],[89.87968,22.07869]]],[[[89.89122,22.15006],[89.89093,22.15827],[89.88929,22.15819],[89.89122,22.15006]]],[[[90.23035,22.45329],[90.22853,22.46625],[90.24032,22.48504],[90.21299,22.47472],[90.18809,22.48017],[90.17481,22.45738],[90.17529,22.43098],[90.14083,22.40449],[90.11563,22.36415],[90.09291,22.34454],[90.07926,22.35263],[90.06996,22.34222],[90.05086,22.33691],[90.05317,22.31496],[90.04217,22.31769],[90.03919,22.30471],[90.02399,22.29311],[90.02025,22.27528],[90.02921,22.25983],[90.01871,22.2305],[89.99777,22.22869],[90.00053,22.21382],[89.99159,22.20961],[89.99082,22.19873],[89.98357,22.20638],[89.97497,22.20387],[89.96722,22.22046],[89.96388,22.20771],[89.96931,22.19166],[89.95882,22.18271],[89.95764,22.17142],[89.94211,22.17639],[89.93082,22.16257],[89.90719,22.15876],[89.91029,22.1083],[89.90103,22.07239],[89.91701,22.02258],[89.93578,21.99935],[89.93195,21.97731],[89.93834,21.95886],[89.95754,21.94668],[89.98659,21.9563],[89.97187,22.03049],[89.98376,22.051],[90.02264,22.08107],[90.01349,22.10311],[90.01635,22.12882],[90.03131,22.14627],[90.06021,22.16094],[90.02334,22.17357],[90.01976,22.18766],[90.02753,22.18949],[90.031,22.18635],[90.02363,22.1875],[90.02271,22.18205],[90.03225,22.17765],[90.04252,22.17985],[90.03582,22.18717],[90.05414,22.18136],[90.07073,22.1602],[90.06549,22.14898],[90.03475,22.12848],[90.03033,22.10185],[90.03553,22.07078],[90.02893,22.0529],[90.0168,22.04238],[89.98703,22.03516],[89.9962,21.99989],[90.0178,21.98286],[90.05634,21.9785],[90.06464,22.02401],[90.08584,22.05976],[90.12689,22.08993],[90.15125,22.12095],[90.17651,22.12745],[90.20277,22.12396],[90.21024,22.15278],[90.22385,22.14517],[90.21669,22.12047],[90.19839,22.10807],[90.18143,22.10635],[90.15889,22.11471],[90.14029,22.08428],[90.0903,22.04147],[90.07528,22.00438],[90.07691,21.98344],[90.07116,21.96968],[90.02856,21.94521],[90.02384,21.88435],[90.04612,21.86506],[90.07521,21.86132],[90.09031,21.87386],[90.11033,21.89838],[90.11059,21.92244],[90.12064,21.92942],[90.14283,21.93145],[90.13263,21.95331],[90.1535,21.98256],[90.1606,21.98754],[90.17246,21.9811],[90.19117,21.98469],[90.17835,22.00119],[90.18508,22.01229],[90.17857,22.02141],[90.20234,22.02179],[90.20018,22.02897],[90.21023,22.03089],[90.2113,22.04906],[90.20065,22.05326],[90.20004,22.06303],[90.19367,22.05858],[90.18658,22.06622],[90.1855,22.08414],[90.19993,22.09189],[90.20901,22.08407],[90.20009,22.07649],[90.20687,22.06921],[90.21298,22.07189],[90.2187,22.06377],[90.23302,22.06214],[90.22637,22.04793],[90.23928,22.04451],[90.22116,22.03452],[90.24064,22.03281],[90.24761,22.02016],[90.25462,22.03265],[90.27637,22.03089],[90.28295,22.04662],[90.27898,22.05154],[90.28917,22.05666],[90.27911,22.06441],[90.28842,22.06384],[90.2962,22.07644],[90.31791,22.08264],[90.31481,22.09197],[90.32537,22.09305],[90.32899,22.08521],[90.33309,22.10817],[90.34649,22.11015],[90.33707,22.13772],[90.33648,22.16498],[90.37189,22.19748],[90.35101,22.19642],[90.34799,22.20512],[90.36321,22.21525],[90.35815,22.2191],[90.35957,22.23171],[90.34963,22.23049],[90.3284,22.24539],[90.334,22.26348],[90.30303,22.24366],[90.28864,22.24333],[90.2917,22.23624],[90.28697,22.23504],[90.28262,22.24889],[90.28838,22.2475],[90.29012,22.2577],[90.2459,22.26172],[90.22543,22.23434],[90.23291,22.22799],[90.22496,22.21712],[90.15862,22.24948],[90.14794,22.27301],[90.14561,22.31231],[90.1564,22.31037],[90.15939,22.3216],[90.15045,22.322],[90.13827,22.3431],[90.17594,22.3243],[90.16835,22.33859],[90.17794,22.33941],[90.1818,22.34742],[90.18052,22.36191],[90.18658,22.36634],[90.19492,22.41361],[90.21134,22.41816],[90.22385,22.43951],[90.22115,22.44848],[90.23035,22.45329]]]]}},{"type":"Feature","properties":{"code":"16705992B66943755852345","name_en":"Barisal"},"geometry":{"type":"MultiPolygon","coordinates":[[[[90.55435,22.59264],[90.54241,22.6049],[90.54678,22.59254],[90.55435,22.59264]]],[[[90.53438,22.61141],[90.53706,22.60705],[90.53991,22.60705],[90.53438,22.61141]]],[[[90.538,22.58987],[90.52525,22.62163],[90.52577,22.64069],[90.52028,22.63617],[90.52325,22.57837],[90.53375,22.57857],[90.52845,22.59429],[90.53458,22.58373],[90.538,22.58987]]],[[[90.56024,22.69918],[90.53054,22.70568],[90.52187,22.70097],[90.52168,22.64151],[90.52809,22.65521],[90.52517,22.68392],[90.5439,22.69109],[90.55328,22.68654],[90.56024,22.69918]]],[[[90.53765,22.71017],[90.52916,22.7254],[90.52646,22.7083],[90.53765,22.71017]]],[[[90.45752,22.75493],[90.45236,22.76703],[90.44183,22.76329],[90.45752,22.75493]]],[[[90.56352,22.70571],[90.57349,22.7301],[90.55989,22.76877],[90.54652,22.75461],[90.54346,22.72475],[90.54866,22.70303],[90.5612,22.70622],[90.56474,22.73919],[90.56352,22.70571]]],[[[90.52466,22.72135],[90.5213,22.75956],[90.52929,22.78644],[90.51455,22.8015],[90.50168,22.79217],[90.50161,22.77482],[90.48494,22.7537],[90.50743,22.71788],[90.52096,22.71047],[90.52466,22.72135]]],[[[90.56027,22.76989],[90.56835,22.79202],[90.57979,22.78932],[90.58217,22.80338],[90.53495,22.77612],[90.52909,22.76519],[90.53906,22.77604],[90.52807,22.75439],[90.52988,22.75045],[90.53651,22.75726],[90.52885,22.74926],[90.53312,22.73602],[90.54135,22.73491],[90.54595,22.75706],[90.56027,22.76989]]],[[[90.49315,22.80815],[90.50705,22.81988],[90.49344,22.81878],[90.49315,22.80815]]],[[[90.52022,22.87744],[90.52347,22.88215],[90.49466,22.86699],[90.48242,22.85407],[90.48554,22.84584],[90.52022,22.87744]]],[[[90.65142,22.8481],[90.62135,22.8708],[90.53279,22.88871],[90.49091,22.84869],[90.48652,22.79698],[90.49406,22.7994],[90.49125,22.81706],[90.50068,22.82247],[90.49719,22.83921],[90.49767,22.82755],[90.50908,22.81891],[90.49439,22.80394],[90.51414,22.80455],[90.54065,22.79442],[90.57124,22.80999],[90.60245,22.81383],[90.61036,22.82404],[90.63336,22.82926],[90.65142,22.8481]]],[[[90.6065,22.88849],[90.60194,22.89676],[90.59969,22.88589],[90.6065,22.88849]]],[[[90.68459,22.9032],[90.68914,22.90375],[90.68712,22.90616],[90.68459,22.9032]]],[[[90.59693,22.91101],[90.57521,22.90692],[90.56035,22.89516],[90.56862,22.89882],[90.56452,22.89397],[90.56996,22.887],[90.59691,22.88357],[90.60124,22.90061],[90.59693,22.91101]]],[[[90.67589,22.92089],[90.6655,22.92848],[90.67113,22.90829],[90.67127,22.9157],[90.67736,22.91476],[90.67448,22.90794],[90.67853,22.91175],[90.67589,22.92089]]],[[[90.67231,22.92804],[90.67141,22.92996],[90.67063,22.92793],[90.66754,22.92854],[90.6712,22.92632],[90.67231,22.92804]]],[[[90.65694,22.92818],[90.64621,22.91867],[90.65399,22.92705],[90.64917,22.91149],[90.65898,22.90241],[90.6617,22.92066],[90.65694,22.92818]]],[[[90.64172,22.93016],[90.64201,22.9358],[90.63962,22.93237],[90.63992,22.93064],[90.64172,22.93016]]],[[[90.65822,22.93788],[90.65503,22.9389],[90.65274,22.93642],[90.65593,22.93345],[90.65595,22.93708],[90.65769,22.93449],[90.65795,22.93578],[90.65919,22.93506],[90.65822,22.93788]]],[[[90.65041,22.93975],[90.65135,22.94171],[90.64996,22.94276],[90.64768,22.94024],[90.65041,22.93975]]],[[[90.67692,22.93136],[90.66315,22.94224],[90.68684,22.91137],[90.67692,22.93136]]],[[[90.45837,23.00404],[90.413,22.99901],[90.42505,22.98999],[90.47361,22.98273],[90.47431,22.99086],[90.46284,22.99416],[90.45837,23.00404]]],[[[90.5976,23.01485],[90.59884,23.00667],[90.60174,23.00992],[90.5976,23.01485]]],[[[90.58959,23.02486],[90.59189,23.00086],[90.59629,23.01635],[90.58959,23.02486]]],[[[90.47571,23.00758],[90.48303,22.97482],[90.49712,22.95823],[90.50188,22.96204],[90.51486,22.9554],[90.53402,22.93025],[90.53951,22.89691],[90.558,22.90029],[90.58822,22.92097],[90.59223,22.9299],[90.58693,22.94531],[90.51541,23.03155],[90.50778,23.03392],[90.47571,23.00758]]],[[[90.56684,23.04353],[90.58736,22.9927],[90.58455,23.02316],[90.58866,23.02543],[90.56684,23.04353]]],[[[90.52803,23.05751],[90.52565,23.05661],[90.52661,23.05149],[90.52803,23.05751]]],[[[90.56558,23.04493],[90.54831,23.05973],[90.54151,23.03756],[90.54616,23.01102],[90.56757,22.99387],[90.54994,23.01898],[90.56183,23.00651],[90.56116,23.01643],[90.57534,22.99982],[90.5587,23.03771],[90.56545,23.03249],[90.55866,23.04434],[90.56553,23.03517],[90.56558,23.04493]]],[[[90.52417,23.06125],[90.52858,23.0652],[90.52361,23.06245],[90.52417,23.06125]]],[[[90.49782,23.04876],[90.49851,23.06904],[90.4826,23.06563],[90.48739,23.05021],[90.49782,23.04876]]],[[[90.23035,22.45329],[90.26139,22.46105],[90.2726,22.47458],[90.28575,22.46668],[90.29495,22.47424],[90.30754,22.47277],[90.31379,22.48371],[90.33577,22.46833],[90.36323,22.50436],[90.39183,22.48479],[90.40991,22.48129],[90.42722,22.46045],[90.43944,22.48061],[90.4394,22.50859],[90.45718,22.53573],[90.47723,22.5323],[90.50119,22.54686],[90.51239,22.53409],[90.52872,22.54725],[90.51351,22.55219],[90.51547,22.55968],[90.53937,22.56334],[90.51132,22.58068],[90.47748,22.57891],[90.47704,22.58549],[90.50072,22.58412],[90.5093,22.59332],[90.49782,22.66497],[90.50308,22.65897],[90.50286,22.69566],[90.49135,22.68932],[90.47182,22.65171],[90.47827,22.67357],[90.50356,22.69999],[90.50387,22.70844],[90.46407,22.74909],[90.43214,22.75821],[90.43712,22.76673],[90.43043,22.78173],[90.44462,22.766],[90.44831,22.77546],[90.44077,22.78377],[90.44632,22.78736],[90.45245,22.77866],[90.45428,22.78717],[90.45393,22.77444],[90.49123,22.73881],[90.47959,22.75524],[90.49466,22.77508],[90.49388,22.78881],[90.44512,22.80716],[90.44333,22.7944],[90.43773,22.79439],[90.45365,22.86302],[90.43882,22.88127],[90.4548,22.86522],[90.4518,22.81632],[90.4664,22.80275],[90.47652,22.82189],[90.47533,22.8654],[90.48228,22.87713],[90.52916,22.89936],[90.53125,22.92009],[90.51622,22.94266],[90.4872,22.95585],[90.47211,22.97788],[90.42794,22.98704],[90.40722,22.99936],[90.40696,23.0046],[90.41734,23.00719],[90.40789,23.00708],[90.40719,23.0163],[90.42391,23.03489],[90.38461,23.05111],[90.38343,23.05626],[90.33053,23.05811],[90.31575,23.05288],[90.31447,23.03534],[90.32945,23.00735],[90.31988,22.98146],[90.27603,22.97399],[90.25719,22.96432],[90.25763,22.974],[90.24744,22.97464],[90.2385,22.96605],[90.22989,22.97949],[90.23834,23.03694],[90.22005,23.06566],[90.21219,23.06938],[90.20086,23.05379],[90.16497,23.06762],[90.15504,23.05265],[90.1369,23.05293],[90.14377,23.04784],[90.12697,23.02588],[90.12667,23.0057],[90.09478,23.00684],[90.08379,22.98107],[90.07749,22.98277],[90.06882,22.9679],[90.05824,22.97128],[90.05726,22.93262],[90.03481,22.93384],[90.01926,22.88857],[90.0203,22.8681],[90.03475,22.86568],[90.02774,22.81755],[90.05444,22.8269],[90.05109,22.81019],[90.06818,22.80085],[90.07673,22.78482],[90.09422,22.7853],[90.10068,22.78206],[90.09902,22.77551],[90.11467,22.77808],[90.12269,22.77062],[90.14144,22.76862],[90.14448,22.75706],[90.15173,22.76295],[90.1668,22.76052],[90.16798,22.74744],[90.18548,22.7653],[90.18111,22.77587],[90.19218,22.78653],[90.19941,22.78493],[90.20529,22.77295],[90.21786,22.77017],[90.21639,22.76136],[90.22393,22.75354],[90.25511,22.75274],[90.27051,22.73177],[90.27266,22.71943],[90.26786,22.71473],[90.27388,22.69006],[90.28993,22.68006],[90.29941,22.68559],[90.31989,22.67336],[90.31518,22.66024],[90.32256,22.64627],[90.32712,22.65934],[90.37446,22.64614],[90.36907,22.63141],[90.35427,22.6367],[90.34384,22.62939],[90.37973,22.60977],[90.3839,22.5941],[90.37472,22.59298],[90.34632,22.61341],[90.33909,22.60601],[90.35399,22.59674],[90.36345,22.58056],[90.35107,22.56702],[90.34694,22.57589],[90.33218,22.58298],[90.31773,22.57566],[90.3112,22.57832],[90.30481,22.55924],[90.29225,22.56515],[90.28286,22.56122],[90.27906,22.54262],[90.19718,22.49039],[90.19049,22.47953],[90.20379,22.47515],[90.24032,22.48504],[90.22853,22.46625],[90.23035,22.45329]]],[[[90.53578,23.07105],[90.5324,23.07128],[90.53047,23.06671],[90.53578,23.07105]]],[[[90.52242,23.07212],[90.52264,23.07118],[90.52819,23.07156],[90.52242,23.07212]]]]}},{"type":"Feature","properties":{"code":"16705992B37732832620169","name_en":"Bhola"},"geometry":{"type":"MultiPolygon","coordinates":[[[[90.77172,21.85595],[90.81052,21.86331],[90.82944,21.8842],[90.83199,21.89889],[90.80419,21.9153],[90.82171,21.92845],[90.80666,21.92509],[90.78965,21.90664],[90.77116,21.86811],[90.77172,21.85595]]],[[[90.72865,21.85834],[90.74199,21.86698],[90.76127,21.91082],[90.75623,21.93164],[90.73716,21.92843],[90.71575,21.89908],[90.71188,21.86845],[90.71594,21.86045],[90.72865,21.85834]]],[[[90.60695,21.92382],[90.60456,21.90236],[90.61104,21.90855],[90.61722,21.96891],[90.61003,21.96356],[90.61481,21.94346],[90.60695,21.92382]]],[[[90.68238,21.97613],[90.6333,21.97523],[90.61413,21.89126],[90.6474,21.89672],[90.68001,21.93034],[90.70021,21.97395],[90.68238,21.97613]]],[[[90.60179,21.96757],[90.60284,21.97312],[90.58729,21.98394],[90.58682,21.97425],[90.60179,21.96757]]],[[[90.86808,21.977],[90.85432,21.99074],[90.83968,21.98207],[90.83144,21.96528],[90.83818,21.93164],[90.84896,21.92054],[90.85579,21.92352],[90.84963,21.93894],[90.85957,21.93923],[90.86256,21.94571],[90.86153,21.97569],[90.86643,21.97251],[90.86808,21.977]]],[[[90.7617,21.98622],[90.7737,21.99687],[90.75398,21.98998],[90.7617,21.98622]]],[[[90.81805,21.94484],[90.81701,21.95704],[90.83196,21.98832],[90.82986,21.99746],[90.77994,21.93456],[90.77878,21.91343],[90.79256,21.93698],[90.81805,21.94484]]],[[[90.69208,21.97994],[90.70867,21.99693],[90.67815,21.98822],[90.69208,21.97994]]],[[[90.84082,21.99167],[90.84711,21.99785],[90.83891,22.01157],[90.84082,21.99167]]],[[[90.71399,21.99987],[90.72598,22.01265],[90.72548,22.01425],[90.71144,22.00203],[90.71123,22.0006],[90.71399,21.99987]]],[[[90.78055,22.00267],[90.7866,22.00635],[90.78789,22.02515],[90.77527,22.0212],[90.7688,22.00459],[90.78055,22.00267]]],[[[90.58983,21.98687],[90.60622,21.97759],[90.62249,21.99092],[90.59113,22.02986],[90.58245,22.02254],[90.5927,21.99605],[90.58983,21.98687]]],[[[90.72894,22.01778],[90.75314,22.04],[90.75711,22.05327],[90.74064,22.04818],[90.72066,22.016],[90.72894,22.01778]]],[[[90.89093,22.04979],[90.89795,22.06462],[90.89528,22.08447],[90.88591,22.09184],[90.87864,22.06047],[90.88345,22.05098],[90.89093,22.04979]]],[[[90.89563,22.08883],[90.88984,22.09847],[90.88637,22.09332],[90.89563,22.08883]]],[[[90.87938,22.10005],[90.89159,22.10797],[90.89442,22.1254],[90.87938,22.10005]]],[[[91.01505,22.17566],[91.01726,22.17973],[91.01747,22.18697],[91.01505,22.17566]]],[[[90.57856,22.05148],[90.59106,22.0608],[90.60783,22.10883],[90.59991,22.18812],[90.58555,22.18478],[90.57002,22.15168],[90.58466,22.14019],[90.58097,22.12132],[90.58585,22.08736],[90.57856,22.05148]]],[[[90.58676,22.18904],[90.62787,22.20283],[90.63164,22.24259],[90.62154,22.24348],[90.58676,22.18904]]],[[[91.01366,22.26985],[91.00941,22.25677],[91.01341,22.24121],[91.01366,22.26985]]],[[[90.92326,22.23154],[90.93624,22.26159],[90.93762,22.28768],[90.93133,22.28442],[90.9194,22.23515],[90.92326,22.23154]]],[[[90.66437,22.25902],[90.67213,22.2718],[90.67382,22.29034],[90.67119,22.28963],[90.6699,22.27721],[90.66437,22.25902]]],[[[90.87348,22.28837],[90.8742,22.29231],[90.86974,22.29305],[90.87087,22.28917],[90.87348,22.28837]]],[[[90.89871,22.20745],[90.91164,22.26479],[90.91007,22.29725],[90.89375,22.24705],[90.89871,22.20745]]],[[[90.874,22.29776],[90.87732,22.2991],[90.87929,22.30583],[90.87598,22.30585],[90.8742,22.30414],[90.87147,22.29863],[90.874,22.29776]]],[[[90.96513,22.29999],[90.96692,22.30954],[90.96526,22.31495],[90.96342,22.31645],[90.96106,22.31206],[90.9634,22.30134],[90.96513,22.29999]]],[[[91.01061,22.28354],[91.01587,22.29703],[90.9995,22.32443],[91.01061,22.28354]]],[[[90.92891,22.29801],[90.94004,22.30808],[90.93655,22.32774],[90.92891,22.29801]]],[[[90.88855,22.3189],[90.88883,22.32786],[90.87751,22.31631],[90.88855,22.3189]]],[[[91.0194,22.29282],[91.02403,22.31673],[91.01901,22.33231],[91.01001,22.33646],[91.00861,22.32021],[91.0194,22.29282]]],[[[90.85834,22.33161],[90.85915,22.33799],[90.85641,22.34467],[90.85382,22.3368],[90.85442,22.33386],[90.85834,22.33161]]],[[[90.99141,22.32915],[90.98721,22.34561],[90.96978,22.34314],[90.97199,22.30216],[90.9587,22.25281],[90.91943,22.17223],[90.89508,22.09922],[90.90984,22.07244],[90.91975,22.07492],[90.93339,22.10879],[90.97703,22.17153],[90.98907,22.19976],[91.00091,22.27799],[90.99141,22.32915]]],[[[90.91796,22.28554],[90.93692,22.33329],[90.93167,22.34723],[90.91068,22.3038],[90.91796,22.28554]]],[[[90.67408,22.29258],[90.67945,22.33004],[90.67997,22.35126],[90.67751,22.35419],[90.67557,22.35078],[90.67461,22.32177],[90.67073,22.29425],[90.67121,22.29288],[90.67408,22.29258]]],[[[90.67885,22.35512],[90.67606,22.362],[90.67648,22.35615],[90.67885,22.35512]]],[[[90.66072,22.35585],[90.66896,22.34243],[90.66403,22.38183],[90.66072,22.35585]]],[[[90.89138,22.35524],[90.88576,22.39586],[90.86491,22.35787],[90.8709,22.33399],[90.88613,22.34117],[90.89776,22.35636],[90.89138,22.35524]]],[[[90.66785,22.38857],[90.66518,22.40093],[90.66088,22.40389],[90.66077,22.39487],[90.66356,22.39252],[90.66426,22.38978],[90.66785,22.38857]]],[[[90.99018,22.391],[90.97228,22.4206],[90.95984,22.41547],[90.94893,22.39149],[90.96466,22.36553],[90.99108,22.36518],[90.99018,22.391]]],[[[90.66088,22.40772],[90.67304,22.38643],[90.66844,22.43758],[90.66088,22.40772]]],[[[90.64456,22.4519],[90.64262,22.4556],[90.63447,22.45997],[90.64456,22.4519]]],[[[90.95088,22.46454],[90.93745,22.45578],[90.93365,22.43367],[90.9476,22.41796],[90.96773,22.42763],[90.95088,22.46454]]],[[[90.66516,22.44927],[90.66964,22.46011],[90.66371,22.46537],[90.66516,22.44927]]],[[[90.89661,22.45076],[90.9088,22.4668],[90.8932,22.4644],[90.89103,22.45452],[90.89661,22.45076]]],[[[90.63235,22.46298],[90.63341,22.476],[90.61754,22.47581],[90.63235,22.46298]]],[[[90.6442,22.46241],[90.64689,22.47674],[90.63286,22.48124],[90.6442,22.46241]]],[[[90.88438,22.51708],[90.853,22.54296],[90.86638,22.49375],[90.88249,22.4907],[90.90539,22.49626],[90.90497,22.50234],[90.88438,22.51708]]],[[[90.65902,22.54069],[90.66034,22.54636],[90.65688,22.54889],[90.65736,22.54207],[90.65902,22.54069]]],[[[90.85023,22.53676],[90.85237,22.5456],[90.84175,22.55105],[90.84509,22.52871],[90.85023,22.53676]]],[[[90.64122,22.55313],[90.61404,22.55151],[90.60198,22.53526],[90.63614,22.4889],[90.636,22.49326],[90.64901,22.49047],[90.64945,22.49645],[90.64251,22.52413],[90.63105,22.5414],[90.64399,22.52855],[90.64219,22.54446],[90.6469,22.53327],[90.65416,22.546],[90.6168,22.54916],[90.64122,22.55313]]],[[[90.58623,22.54736],[90.59497,22.54321],[90.59971,22.5472],[90.59892,22.54302],[90.6057,22.54944],[90.59819,22.55275],[90.60701,22.55476],[90.59332,22.56419],[90.58212,22.56214],[90.58967,22.56773],[90.59873,22.56519],[90.5927,22.56963],[90.57522,22.57046],[90.58623,22.54736]]],[[[90.93211,22.49702],[90.89375,22.56028],[90.85933,22.57956],[90.84312,22.57219],[90.84096,22.56422],[90.87498,22.53086],[90.92205,22.49432],[90.93211,22.49702]]],[[[90.57468,22.5712],[90.58853,22.57174],[90.55774,22.58827],[90.57468,22.5712]]],[[[90.55435,22.59264],[90.59231,22.57291],[90.55232,22.61273],[90.54593,22.61161],[90.54241,22.6049],[90.55435,22.59264]]],[[[90.53991,22.60705],[90.54471,22.61486],[90.53329,22.6182],[90.53991,22.60705]]],[[[90.52741,22.61488],[90.53538,22.64028],[90.52577,22.64069],[90.52741,22.61488]]],[[[90.74677,22.66015],[90.74698,22.66271],[90.74468,22.66535],[90.74069,22.66579],[90.74163,22.66226],[90.74677,22.66015]]],[[[90.71182,22.65047],[90.70403,22.66714],[90.70199,22.66132],[90.71182,22.65047]]],[[[90.74453,22.66983],[90.73473,22.68775],[90.73103,22.66898],[90.74453,22.66983]]],[[[90.5262,22.64251],[90.53875,22.64676],[90.54083,22.66655],[90.53411,22.67626],[90.54137,22.67133],[90.54618,22.64981],[90.55282,22.66843],[90.54938,22.64729],[90.56356,22.65727],[90.55863,22.64845],[90.56625,22.64844],[90.5716,22.66753],[90.56529,22.69977],[90.55328,22.68654],[90.5439,22.69109],[90.52517,22.68392],[90.5262,22.64251]]],[[[90.72772,22.72883],[90.70533,22.75234],[90.69494,22.7249],[90.72051,22.67909],[90.72779,22.71733],[90.71613,22.72798],[90.72772,22.72883]]],[[[90.69044,22.74947],[90.69073,22.75545],[90.68877,22.75145],[90.69044,22.74947]]],[[[90.68509,22.76282],[90.67761,22.76058],[90.68292,22.75291],[90.68509,22.76282]]],[[[90.68736,22.77852],[90.68292,22.77944],[90.67801,22.77582],[90.67664,22.77283],[90.67877,22.77378],[90.67915,22.77217],[90.68385,22.77215],[90.68562,22.77805],[90.68806,22.77637],[90.68736,22.77852]]],[[[90.67376,22.79677],[90.67252,22.79787],[90.65792,22.79502],[90.66245,22.79414],[90.6648,22.79573],[90.67019,22.79535],[90.67376,22.79677]]],[[[90.56352,22.70571],[90.56798,22.70437],[90.57212,22.71367],[90.56859,22.70286],[90.58021,22.65277],[90.57745,22.65866],[90.56727,22.64528],[90.53671,22.63169],[90.53354,22.62025],[90.55443,22.61444],[90.60278,22.56885],[90.62183,22.55889],[90.61911,22.58337],[90.6084,22.60031],[90.61574,22.6388],[90.60543,22.662],[90.61738,22.63915],[90.60959,22.60102],[90.61983,22.58817],[90.62153,22.56699],[90.6571,22.55657],[90.67039,22.53397],[90.66736,22.50533],[90.67797,22.39218],[90.67454,22.36769],[90.67997,22.3599],[90.6813,22.37029],[90.68436,22.33178],[90.6773,22.27512],[90.65078,22.21609],[90.61236,22.16528],[90.62295,22.16892],[90.62333,22.11428],[90.59638,22.03765],[90.61629,22.00664],[90.62926,21.99407],[90.63848,21.99341],[90.68459,21.9998],[90.70541,22.01147],[90.74075,22.05312],[90.78099,22.07751],[90.81055,22.12497],[90.8412,22.26589],[90.83724,22.35162],[90.86518,22.42337],[90.7731,22.51767],[90.76187,22.54421],[90.75911,22.59412],[90.75319,22.603],[90.73942,22.61614],[90.70913,22.61963],[90.72608,22.62021],[90.701,22.65625],[90.69888,22.67534],[90.68058,22.69827],[90.66267,22.74571],[90.65651,22.7825],[90.62375,22.80364],[90.59943,22.8082],[90.58217,22.80338],[90.57979,22.78932],[90.56835,22.79202],[90.55993,22.76364],[90.57349,22.7301],[90.56352,22.70571]]],[[[90.6761,22.80757],[90.64379,22.80517],[90.65935,22.79847],[90.6761,22.80757]]],[[[90.60245,22.81383],[90.64513,22.80684],[90.67609,22.81627],[90.66874,22.83232],[90.65143,22.84483],[90.63336,22.82926],[90.61036,22.82404],[90.60245,22.81383]]]]}},{"type":"Feature","properties":{"code":"16705992B87441692505107","name_en":"Bogra"},"geometry":{"type":"Polygon","coordinates":[[[89.64783,25.04674],[89.64026,25.03886],[89.60989,25.05088],[89.56414,25.03792],[89.53362,25.0402],[89.53025,25.04628],[89.51514,25.0404],[89.49292,25.05068],[89.4878,25.06171],[89.46247,25.05454],[89.4651,25.06133],[89.4533,25.06547],[89.45259,25.05558],[89.45214,25.07591],[89.44128,25.06888],[89.42958,25.07328],[89.4256,25.06521],[89.4132,25.08313],[89.40959,25.07737],[89.39895,25.0788],[89.40333,25.0676],[89.39136,25.06649],[89.38896,25.04706],[89.38081,25.0603],[89.36011,25.06645],[89.35554,25.08142],[89.35974,25.08905],[89.35329,25.08906],[89.34497,25.10096],[89.33128,25.09989],[89.34005,25.10997],[89.33124,25.12304],[89.31728,25.11588],[89.30227,25.11968],[89.28822,25.10605],[89.27956,25.08584],[89.24644,25.06515],[89.25098,25.05196],[89.24449,25.04824],[89.23618,25.02044],[89.22904,25.01848],[89.21476,25.02909],[89.21373,25.02374],[89.22048,25.023],[89.19754,25.00027],[89.20582,24.99675],[89.19057,24.99541],[89.19824,24.9854],[89.18635,24.98267],[89.17778,24.96957],[89.18713,24.96221],[89.18923,24.94301],[89.17905,24.95302],[89.12195,24.94979],[89.12751,24.96237],[89.10331,24.97088],[89.09997,24.96275],[89.08811,24.96069],[89.09542,24.94381],[89.08346,24.92781],[89.0946,24.90412],[89.10055,24.90336],[89.09799,24.89139],[89.08992,24.88763],[89.08082,24.89317],[89.07557,24.88517],[89.08971,24.87514],[89.07723,24.8688],[89.06573,24.87294],[89.05416,24.86073],[89.04454,24.86459],[89.03538,24.85637],[89.02052,24.8571],[89.01508,24.84887],[89.00951,24.85862],[88.97734,24.85353],[88.97566,24.83778],[88.98799,24.82544],[88.96991,24.82332],[88.9733,24.80915],[88.98215,24.80311],[88.97091,24.78948],[88.97778,24.78366],[88.96634,24.76423],[88.96364,24.74335],[88.97473,24.73886],[88.98006,24.74711],[88.98981,24.74348],[88.98915,24.75449],[88.99724,24.76635],[89.01132,24.76376],[89.02125,24.77142],[89.02126,24.78],[89.03755,24.78097],[89.04716,24.79],[89.05482,24.78076],[89.05911,24.78636],[89.06306,24.78131],[89.07676,24.78915],[89.0865,24.78636],[89.08181,24.76452],[89.09626,24.7513],[89.08406,24.74054],[89.09691,24.73448],[89.0882,24.72716],[89.08338,24.73],[89.08352,24.71864],[89.09896,24.72582],[89.10713,24.71531],[89.12063,24.71442],[89.11071,24.72157],[89.1154,24.72464],[89.12831,24.72113],[89.13018,24.71406],[89.13166,24.72609],[89.12768,24.72262],[89.12316,24.72991],[89.12904,24.73286],[89.12652,24.73879],[89.13326,24.74245],[89.13607,24.73247],[89.15076,24.73836],[89.14508,24.71446],[89.13562,24.71155],[89.13117,24.69933],[89.14279,24.67847],[89.15683,24.68747],[89.16594,24.67693],[89.16241,24.66865],[89.14438,24.67097],[89.14553,24.65873],[89.13644,24.656],[89.14282,24.62976],[89.15374,24.62166],[89.14961,24.61674],[89.17179,24.6217],[89.1734,24.64636],[89.17948,24.64367],[89.19018,24.65103],[89.19192,24.64128],[89.20074,24.64342],[89.20352,24.63432],[89.2101,24.63464],[89.19586,24.61397],[89.20314,24.61297],[89.20546,24.60421],[89.21607,24.61306],[89.2133,24.59941],[89.22464,24.58018],[89.23811,24.58434],[89.23638,24.59528],[89.2542,24.60549],[89.25494,24.61424],[89.24826,24.61942],[89.25515,24.62087],[89.25709,24.62891],[89.26833,24.62998],[89.307,24.61396],[89.30794,24.59824],[89.32867,24.59918],[89.3267,24.57807],[89.33756,24.55929],[89.34537,24.56349],[89.34564,24.5589],[89.39199,24.55728],[89.39363,24.55183],[89.40317,24.55168],[89.40975,24.56099],[89.42494,24.56094],[89.4311,24.55081],[89.45966,24.54239],[89.47324,24.54381],[89.47285,24.55168],[89.48571,24.55688],[89.50848,24.55676],[89.52227,24.55156],[89.51996,24.53633],[89.53224,24.547],[89.53073,24.56346],[89.5465,24.54759],[89.55326,24.54816],[89.55532,24.55542],[89.5683,24.54681],[89.59144,24.55392],[89.60447,24.56982],[89.60245,24.60524],[89.58153,24.62056],[89.54941,24.61756],[89.55001,24.62397],[89.55938,24.62619],[89.55428,24.64075],[89.56199,24.65267],[89.54474,24.65371],[89.55434,24.66764],[89.55021,24.67751],[89.56203,24.68929],[89.55465,24.70428],[89.56375,24.71113],[89.56782,24.69379],[89.59172,24.70292],[89.61199,24.68385],[89.6174,24.68896],[89.62403,24.68547],[89.64579,24.70168],[89.63727,24.71665],[89.66076,24.72841],[89.65536,24.7464],[89.66665,24.74734],[89.66388,24.75465],[89.6738,24.76305],[89.67496,24.78168],[89.71534,24.77735],[89.73032,24.79838],[89.70997,24.80702],[89.68495,24.82841],[89.66079,24.88807],[89.67813,24.90301],[89.68606,24.90285],[89.67236,24.9285],[89.67651,24.96577],[89.66134,24.98735],[89.66091,25.00783],[89.64783,25.04674]]]}},{"type":"Feature","properties":{"code":"16705992B2831557138260","name_en":"Brahamanbaria"},"geometry":{"type":"Polygon","coordinates":[[[91.30314,23.99708],[91.29429,24.0013],[91.30752,24.01625],[91.30403,24.02604],[91.31245,24.02866],[91.31165,24.03963],[91.30358,24.04373],[91.30407,24.05629],[91.28407,24.06079],[91.29314,24.09354],[91.27941,24.08887],[91.26747,24.09423],[91.27084,24.11254],[91.28417,24.11143],[91.28349,24.11705],[91.29247,24.1175],[91.2716,24.12367],[91.27171,24.14102],[91.26324,24.14025],[91.26171,24.14635],[91.26834,24.1485],[91.26698,24.15814],[91.27528,24.15656],[91.27721,24.18152],[91.30525,24.19071],[91.31316,24.18332],[91.31266,24.20349],[91.30522,24.19839],[91.29747,24.20337],[91.28536,24.19539],[91.27722,24.20307],[91.2838,24.21755],[91.29813,24.21369],[91.29853,24.22302],[91.30614,24.22037],[91.3087,24.22787],[91.32402,24.22954],[91.32886,24.24947],[91.32516,24.2604],[91.30706,24.26797],[91.29296,24.25949],[91.28082,24.23166],[91.28599,24.22337],[91.19488,24.23984],[91.17356,24.2652],[91.13385,24.2431],[91.0851,24.24112],[91.07878,24.2285],[91.09027,24.21932],[91.09052,24.21167],[91.06537,24.21597],[91.03993,24.21183],[91.01653,24.18084],[90.98588,24.15674],[91.00947,24.12879],[91.04323,24.11086],[91.05389,24.08868],[91.04157,24.06592],[91.00342,24.04666],[90.97516,24.02122],[90.96588,24.0054],[90.97382,23.98848],[90.97273,23.96932],[90.95306,23.95388],[90.9504,23.92635],[90.9312,23.91144],[90.92024,23.8829],[90.90177,23.86381],[90.8581,23.87904],[90.83252,23.86308],[90.76666,23.86421],[90.75947,23.85004],[90.76785,23.82137],[90.7662,23.80312],[90.72308,23.74527],[90.72487,23.71837],[90.74114,23.69262],[90.76283,23.6991],[90.77632,23.68298],[90.78716,23.68945],[90.77582,23.70688],[90.7797,23.73329],[90.7991,23.74628],[90.81704,23.73356],[90.82631,23.73421],[90.83654,23.72185],[90.85011,23.72734],[90.8708,23.71865],[90.88445,23.72908],[90.8848,23.75293],[90.90117,23.76647],[90.95901,23.77393],[90.96749,23.78288],[90.99872,23.78722],[90.99568,23.79447],[91.00336,23.78743],[91.03506,23.79552],[91.04048,23.77607],[91.04642,23.77824],[91.04924,23.77154],[91.04377,23.76281],[91.05448,23.76758],[91.04972,23.75971],[91.05947,23.76184],[91.05581,23.75316],[91.06582,23.75727],[91.05835,23.74585],[91.06708,23.74599],[91.06578,23.73646],[91.07244,23.7401],[91.06764,23.7321],[91.07835,23.73661],[91.07342,23.72846],[91.07909,23.72507],[91.08566,23.72985],[91.07974,23.72333],[91.08713,23.71537],[91.10964,23.71572],[91.09899,23.70691],[91.10855,23.70651],[91.10293,23.70364],[91.10961,23.70384],[91.10579,23.6953],[91.11987,23.69473],[91.1191,23.68225],[91.1216,23.68712],[91.12227,23.67904],[91.12779,23.68051],[91.12117,23.67432],[91.12732,23.66775],[91.14132,23.66438],[91.15626,23.67085],[91.17034,23.65769],[91.18277,23.6598],[91.19289,23.65456],[91.19071,23.64709],[91.19936,23.64674],[91.20453,23.65053],[91.2032,23.68024],[91.20847,23.68657],[91.19548,23.69228],[91.15347,23.68936],[91.14913,23.71167],[91.15665,23.74091],[91.1676,23.74978],[91.19654,23.75121],[91.21031,23.74929],[91.21892,23.73656],[91.23065,23.76506],[91.22711,23.79323],[91.25399,23.83715],[91.22955,23.88074],[91.22843,23.89878],[91.24612,23.91322],[91.23296,23.9271],[91.27614,23.92266],[91.27283,23.93778],[91.26393,23.94437],[91.28462,23.98224],[91.2876,23.96817],[91.2997,23.97227],[91.30314,23.99708]]]}},{"type":"Feature","properties":{"code":"16705992B70711841490613","name_en":"Chandpur"},"geometry":{"type":"MultiPolygon","coordinates":[[[[90.61238,23.0168],[90.6172,23.02992],[90.6168,23.03327],[90.61402,23.03596],[90.61283,23.03567],[90.61103,23.0265],[90.61238,23.0168]]],[[[90.60174,23.00992],[90.60045,23.01855],[90.60839,23.02924],[90.59887,23.03469],[90.59479,23.04696],[90.58944,23.04148],[90.59574,23.02037],[90.59004,23.03096],[90.58959,23.02486],[90.60174,23.00992]]],[[[90.58866,23.02543],[90.58015,23.05789],[90.56885,23.05763],[90.56684,23.04353],[90.58866,23.02543]]],[[[90.56558,23.04493],[90.56753,23.05775],[90.58159,23.06182],[90.57683,23.07355],[90.58253,23.06296],[90.58642,23.06718],[90.57772,23.08657],[90.56775,23.0867],[90.54831,23.05973],[90.56558,23.04493]]],[[[90.59027,23.09599],[90.58934,23.10861],[90.57423,23.09074],[90.57845,23.08772],[90.59027,23.09599]]],[[[90.59867,23.1102],[90.59314,23.10893],[90.59851,23.09701],[90.57997,23.08656],[90.58864,23.07186],[90.58384,23.0519],[90.60944,23.03339],[90.61298,23.06302],[90.61852,23.05434],[90.61976,23.07723],[90.61564,23.09299],[90.59867,23.1102]]],[[[90.57892,23.11257],[90.57333,23.11116],[90.5739,23.09854],[90.58712,23.10876],[90.57892,23.11257]]],[[[90.55628,23.13517],[90.57172,23.15242],[90.56121,23.14403],[90.55628,23.13517]]],[[[90.64124,23.14512],[90.64135,23.15683],[90.63887,23.15751],[90.63804,23.15646],[90.63978,23.15339],[90.63806,23.15139],[90.64124,23.14512]]],[[[90.63734,23.17454],[90.64119,23.18092],[90.63933,23.18385],[90.63732,23.18338],[90.63673,23.18063],[90.63734,23.17454]]],[[[90.60771,23.19206],[90.60964,23.19868],[90.60469,23.20181],[90.6027,23.19546],[90.60476,23.19287],[90.60771,23.19206]]],[[[90.60776,23.21353],[90.61039,23.21879],[90.60879,23.21913],[90.60844,23.22185],[90.6045,23.22541],[90.60218,23.22406],[90.60776,23.21353]]],[[[90.60125,23.22676],[90.6029,23.22704],[90.60123,23.22929],[90.59653,23.23006],[90.59592,23.22729],[90.60125,23.22676]]],[[[90.62719,23.24226],[90.62886,23.24574],[90.62665,23.2481],[90.6258,23.24389],[90.62719,23.24226]]],[[[90.63749,23.25355],[90.63674,23.25929],[90.632,23.26872],[90.63014,23.27112],[90.62745,23.27008],[90.63182,23.25859],[90.63506,23.25418],[90.63749,23.25355]]],[[[90.61426,23.28184],[90.61141,23.28147],[90.61197,23.27956],[90.61871,23.27117],[90.61663,23.27954],[90.61426,23.28184]]],[[[90.58165,23.29439],[90.57199,23.29749],[90.58389,23.28535],[90.58716,23.28912],[90.58165,23.29439]]],[[[90.60821,23.29262],[90.60587,23.29966],[90.60583,23.29086],[90.58855,23.29337],[90.60426,23.27696],[90.59029,23.28796],[90.58696,23.28415],[90.61916,23.26514],[90.60381,23.28513],[90.60821,23.29262]]],[[[90.59213,23.29851],[90.58568,23.30179],[90.59647,23.29659],[90.59213,23.29851]]],[[[90.6151,23.30148],[90.61155,23.30566],[90.60915,23.29639],[90.62721,23.26262],[90.62651,23.27902],[90.6151,23.30148]]],[[[90.59595,23.31021],[90.59099,23.31262],[90.5899,23.31191],[90.59036,23.30918],[90.59595,23.31021]]],[[[90.64225,23.30267],[90.64327,23.30658],[90.63907,23.31363],[90.63659,23.31497],[90.63801,23.30923],[90.64225,23.30267]]],[[[90.60214,23.31664],[90.60039,23.31837],[90.59821,23.31685],[90.60048,23.31579],[90.60214,23.31664]]],[[[90.62695,23.31991],[90.6283,23.32144],[90.62198,23.33188],[90.62022,23.33237],[90.62305,23.32877],[90.6222,23.32442],[90.62695,23.31991]]],[[[90.63708,23.3279],[90.625,23.33569],[90.6337,23.31543],[90.63708,23.3279]]],[[[90.68775,23.49248],[90.67096,23.49072],[90.64132,23.5037],[90.61303,23.49043],[90.60141,23.49807],[90.57613,23.49571],[90.57716,23.4851],[90.58428,23.48059],[90.57751,23.47039],[90.57762,23.45149],[90.539,23.39119],[90.54681,23.36742],[90.57606,23.358],[90.59067,23.33595],[90.59058,23.3432],[90.60699,23.34087],[90.61121,23.34751],[90.63235,23.33648],[90.62627,23.35564],[90.63813,23.33707],[90.65495,23.33686],[90.67334,23.32058],[90.68157,23.3246],[90.66852,23.33599],[90.67341,23.35038],[90.66915,23.33744],[90.67753,23.33185],[90.67768,23.33591],[90.68326,23.32537],[90.67219,23.31855],[90.65112,23.33626],[90.63925,23.33434],[90.66528,23.27544],[90.6603,23.2453],[90.63706,23.22714],[90.63763,23.18994],[90.64302,23.1827],[90.63822,23.16784],[90.6502,23.12694],[90.64035,23.14331],[90.64374,23.11696],[90.65023,23.12387],[90.64323,23.10813],[90.64655,22.98437],[90.66284,23.00762],[90.66082,23.01321],[90.66968,23.01545],[90.6578,23.02339],[90.66662,23.03147],[90.66265,23.05095],[90.69344,23.06279],[90.7309,23.0419],[90.7546,23.05987],[90.75205,23.06755],[90.76963,23.07719],[90.792,23.07815],[90.79599,23.11808],[90.81515,23.12214],[90.82134,23.13346],[90.8363,23.13815],[90.83933,23.14823],[90.85106,23.15414],[90.84657,23.16695],[90.86805,23.17353],[90.89149,23.17197],[90.90197,23.16231],[90.90206,23.15258],[90.91368,23.15642],[90.91211,23.14781],[90.95542,23.14598],[90.9644,23.12836],[90.98788,23.1409],[91.0095,23.14249],[91.01196,23.15356],[91.00567,23.15484],[91.00587,23.17524],[91.00002,23.18172],[91.01885,23.19526],[91.01277,23.20573],[91.03002,23.22941],[91.02347,23.23541],[91.02366,23.24735],[91.0141,23.24839],[91.01334,23.26233],[91.00888,23.27035],[91.00401,23.26846],[90.99445,23.29245],[90.98067,23.28764],[90.97315,23.31901],[90.95618,23.33236],[90.9559,23.34819],[90.94551,23.34237],[90.93247,23.34714],[90.93023,23.37685],[90.91836,23.38835],[90.91124,23.38737],[90.90846,23.39565],[90.89809,23.39598],[90.89877,23.40794],[90.89043,23.40817],[90.87701,23.45442],[90.86212,23.45266],[90.84015,23.47549],[90.83288,23.46366],[90.81753,23.46279],[90.81939,23.45083],[90.81061,23.443],[90.80034,23.44742],[90.79115,23.4339],[90.78644,23.43586],[90.79261,23.43895],[90.78355,23.4387],[90.77104,23.44928],[90.77004,23.43681],[90.75668,23.41603],[90.73651,23.42761],[90.73634,23.41486],[90.7284,23.42687],[90.71079,23.43522],[90.70959,23.45474],[90.68775,23.49248]]]]}},{"type":"Feature","properties":{"code":"16705992B94200136889214","name_en":"Chittagong"},"geometry":{"type":"MultiPolygon","coordinates":[[[[91.87373,22.15106],[91.87852,22.15918],[91.87058,22.15999],[91.87373,22.15106]]],[[[91.87069,22.33311],[91.88373,22.34717],[91.88323,22.35799],[91.87512,22.35217],[91.87069,22.33311]]],[[[91.97388,22.4133],[91.96708,22.41792],[91.95926,22.41957],[91.96497,22.41418],[91.97388,22.4133]]],[[[91.39853,22.42257],[91.39343,22.42348],[91.35313,22.37646],[91.35477,22.37099],[91.39051,22.37346],[91.39919,22.3808],[91.39737,22.38836],[91.40538,22.38246],[91.40895,22.39768],[91.39853,22.42257]]],[[[91.33991,22.51764],[91.3434,22.51736],[91.34335,22.51994],[91.34186,22.52562],[91.33943,22.52602],[91.33991,22.51764]]],[[[91.33919,22.5301],[91.34474,22.54409],[91.34296,22.53113],[91.35302,22.52667],[91.35538,22.54666],[91.34568,22.55297],[91.35334,22.55542],[91.3509,22.56239],[91.33259,22.56488],[91.33919,22.5301]]],[[[91.52972,22.39043],[91.56841,22.40941],[91.57151,22.44584],[91.56616,22.46865],[91.47616,22.59515],[91.45855,22.60874],[91.43275,22.6039],[91.42042,22.59651],[91.42585,22.56922],[91.41988,22.52324],[91.43643,22.47502],[91.48043,22.39982],[91.50841,22.38752],[91.52972,22.39043]]],[[[91.35719,22.60175],[91.34976,22.60989],[91.34924,22.60416],[91.35719,22.60175]]],[[[91.33221,22.56566],[91.34967,22.56714],[91.34766,22.57497],[91.35322,22.57435],[91.34625,22.58451],[91.35384,22.58646],[91.35339,22.60008],[91.34389,22.61149],[91.33706,22.60847],[91.33659,22.59908],[91.33397,22.61136],[91.31112,22.60281],[91.33221,22.56566]]],[[[91.31818,22.64989],[91.32825,22.64135],[91.38875,22.62736],[91.39497,22.63165],[91.41027,22.68036],[91.39367,22.69998],[91.38103,22.69842],[91.38459,22.7064],[91.3779,22.71367],[91.33841,22.73205],[91.34866,22.71589],[91.34318,22.68581],[91.31818,22.64989]]],[[[92.14594,22.34774],[92.13205,22.35104],[92.1394,22.35493],[92.13995,22.36752],[92.12039,22.36668],[92.09915,22.4004],[92.11855,22.41608],[92.11629,22.42327],[92.14278,22.43678],[92.14017,22.4501],[92.1282,22.45879],[92.13399,22.46412],[92.13334,22.47902],[92.12181,22.51595],[92.1154,22.53114],[92.10783,22.52992],[92.10656,22.55679],[92.09908,22.55809],[92.10421,22.5701],[92.0758,22.59355],[92.08105,22.60899],[92.06032,22.61483],[92.04526,22.6071],[92.03745,22.62325],[92.03134,22.61088],[92.01286,22.60494],[92.00641,22.58163],[92.01752,22.56899],[92.01471,22.54877],[92.02808,22.52775],[92.01748,22.51825],[92.02157,22.50926],[92.01617,22.49923],[92.006,22.49687],[91.99965,22.48612],[91.98087,22.48324],[91.98124,22.48896],[91.98938,22.4902],[91.97037,22.49531],[91.97822,22.50782],[91.97154,22.51935],[91.96933,22.54784],[91.959,22.5654],[91.95588,22.58966],[91.94133,22.60695],[91.945,22.61185],[91.93243,22.6524],[91.94305,22.66869],[91.92573,22.68037],[91.9288,22.6919],[91.9212,22.70027],[91.89774,22.69233],[91.8833,22.69724],[91.87677,22.71777],[91.8836,22.75166],[91.89538,22.75254],[91.88695,22.76583],[91.8749,22.76761],[91.85645,22.75699],[91.85681,22.77771],[91.85226,22.76986],[91.83773,22.78221],[91.83263,22.77558],[91.83475,22.79032],[91.81202,22.79329],[91.79288,22.76882],[91.79023,22.78328],[91.77549,22.79401],[91.76584,22.81651],[91.75475,22.86209],[91.74516,22.87215],[91.72808,22.87303],[91.71642,22.88694],[91.72523,22.90682],[91.72089,22.9144],[91.72572,22.93837],[91.73064,22.94022],[91.71311,22.98869],[91.70875,22.98198],[91.69361,22.98845],[91.68169,22.97739],[91.65766,22.9819],[91.6513,22.97688],[91.64533,22.98513],[91.6356,22.96125],[91.6245,22.96175],[91.62553,22.94446],[91.61988,22.93855],[91.61267,22.94719],[91.61578,22.95159],[91.60695,22.95027],[91.60895,22.95715],[91.60025,22.95445],[91.60492,22.96238],[91.61374,22.95856],[91.60603,22.97204],[91.59038,22.97706],[91.56593,22.94706],[91.54293,22.9567],[91.53886,22.94193],[91.52748,22.94731],[91.52514,22.94025],[91.53882,22.92991],[91.53077,22.92534],[91.5314,22.91384],[91.51213,22.9018],[91.45871,22.90197],[91.4654,22.89585],[91.46241,22.87752],[91.47448,22.87563],[91.46626,22.86129],[91.46533,22.85488],[91.4711,22.8611],[91.46057,22.82642],[91.44308,22.80223],[91.45633,22.75256],[91.46429,22.75908],[91.46253,22.74691],[91.47939,22.71571],[91.52418,22.69044],[91.55792,22.66129],[91.58159,22.63418],[91.5848,22.61577],[91.59905,22.60298],[91.59309,22.61551],[91.63868,22.56896],[91.7087,22.48823],[91.737,22.42907],[91.73449,22.41584],[91.76798,22.3017],[91.76349,22.27809],[91.79977,22.22617],[91.82335,22.24321],[91.83363,22.25963],[91.79829,22.2789],[91.79442,22.29682],[91.81907,22.32063],[91.86198,22.33386],[91.89085,22.40628],[91.88225,22.41869],[91.89018,22.42791],[91.86992,22.43586],[91.85828,22.45254],[91.85675,22.46743],[91.86846,22.47357],[91.87469,22.4683],[91.88115,22.47772],[91.87606,22.46763],[91.86726,22.47221],[91.85602,22.4638],[91.87489,22.43287],[91.89114,22.43],[91.8841,22.41813],[91.89316,22.4059],[91.9117,22.4205],[91.92736,22.42425],[91.95105,22.42534],[91.98177,22.41589],[91.98223,22.41109],[91.9692,22.41108],[91.94462,22.42243],[91.91145,22.41387],[91.8893,22.39131],[91.88086,22.33926],[91.85979,22.32382],[91.82529,22.31728],[91.79814,22.29126],[91.80428,22.27895],[91.83279,22.27247],[91.84068,22.26335],[91.83387,22.24455],[91.81497,22.22875],[91.81232,22.20821],[91.82413,22.15675],[91.84278,22.11718],[91.85293,22.117],[91.84208,22.14243],[91.84953,22.15467],[91.86172,22.14976],[91.85918,22.1354],[91.90458,22.12549],[91.87678,22.14409],[91.86835,22.15918],[91.90283,22.1552],[91.91761,22.18752],[91.92243,22.17462],[91.93217,22.16895],[91.93814,22.18154],[91.95705,22.17092],[91.97772,22.17689],[91.98695,22.16537],[91.97228,22.16644],[91.97128,22.15887],[91.99744,22.14359],[91.9712,22.1554],[91.96987,22.16611],[91.98463,22.16701],[91.97786,22.17545],[91.95542,22.16951],[91.93845,22.18029],[91.93714,22.16919],[91.92805,22.16828],[91.91815,22.18507],[91.90476,22.154],[91.88514,22.15528],[91.87683,22.15],[91.90397,22.13493],[91.90452,22.12107],[91.86007,22.12951],[91.85403,22.1379],[91.85701,22.15048],[91.84716,22.14992],[91.86341,22.11418],[91.86227,22.09194],[91.87842,22.04731],[91.87837,22.02193],[91.87035,22.00286],[91.88458,21.97641],[91.89038,21.94801],[91.90606,21.94247],[91.89736,21.94147],[91.90886,21.92944],[91.90659,21.91005],[91.91657,21.85842],[91.92493,21.86123],[91.9241,21.87729],[91.93882,21.8778],[91.95759,21.8921],[91.95872,21.88371],[91.9661,21.88394],[91.97194,21.90434],[92.03625,21.90402],[92.04293,21.91262],[92.04041,21.92387],[92.05102,21.91819],[92.05717,21.92405],[92.06005,21.9078],[92.07582,21.92358],[92.09902,21.92176],[92.1185,21.93458],[92.1119,21.91673],[92.12972,21.90157],[92.14679,21.90914],[92.17454,21.90984],[92.15984,21.94539],[92.18074,21.94296],[92.19613,21.95238],[92.19167,21.95326],[92.19443,21.96166],[92.21408,21.97477],[92.20099,21.98939],[92.20284,21.99988],[92.21605,22.00561],[92.20157,22.00817],[92.20236,22.01857],[92.19264,22.02479],[92.18216,22.0289],[92.17746,22.02435],[92.16131,22.04363],[92.17645,22.06395],[92.15551,22.06941],[92.16405,22.08429],[92.14117,22.09167],[92.16994,22.10451],[92.17323,22.11288],[92.16009,22.1284],[92.17103,22.14063],[92.15561,22.16519],[92.16431,22.18215],[92.14602,22.20573],[92.14945,22.22084],[92.13763,22.23447],[92.14338,22.2587],[92.13743,22.28609],[92.14835,22.29684],[92.15474,22.32286],[92.15166,22.3334],[92.14374,22.33274],[92.14594,22.34774]]]]}},{"type":"Feature","properties":{"code":"16705992B19758630986204","name_en":"Chuadanga"},"geometry":{"type":"Polygon","coordinates":[[[89.01726,23.70874],[89.00758,23.72278],[89.00633,23.74792],[88.98957,23.75221],[89.00546,23.78721],[88.99964,23.78199],[88.97666,23.78901],[88.97417,23.80154],[88.95761,23.80896],[88.94746,23.80109],[88.93762,23.80402],[88.9389,23.79639],[88.9111,23.78391],[88.92223,23.8164],[88.90727,23.83791],[88.89288,23.82734],[88.87854,23.83339],[88.84901,23.83181],[88.84365,23.82045],[88.83212,23.81428],[88.8177,23.77097],[88.79311,23.77265],[88.78848,23.76749],[88.7865,23.74234],[88.77884,23.73256],[88.78411,23.71739],[88.77378,23.69977],[88.74652,23.69488],[88.73798,23.68403],[88.69694,23.66525],[88.69362,23.65476],[88.6865,23.65967],[88.67993,23.64811],[88.66819,23.64549],[88.65418,23.65039],[88.6448,23.63935],[88.64904,23.63653],[88.64255,23.62458],[88.64849,23.62326],[88.63492,23.61516],[88.646,23.60813],[88.63873,23.59086],[88.65067,23.58465],[88.65967,23.54922],[88.68286,23.5417],[88.68438,23.52986],[88.69122,23.53086],[88.69823,23.51595],[88.70596,23.51697],[88.71506,23.50851],[88.72407,23.5126],[88.72952,23.49653],[88.74264,23.48674],[88.74137,23.47978],[88.74665,23.4837],[88.76082,23.47865],[88.75604,23.48763],[88.76169,23.49085],[88.77489,23.48037],[88.76778,23.48812],[88.77049,23.49713],[88.78655,23.50739],[88.78447,23.4973],[88.79185,23.50286],[88.80042,23.49764],[88.79454,23.4858],[88.80138,23.48636],[88.78725,23.46958],[88.79541,23.4436],[88.78505,23.44492],[88.77864,23.43744],[88.78221,23.44195],[88.77321,23.449],[88.76283,23.44697],[88.75454,23.41432],[88.76115,23.40891],[88.74877,23.39815],[88.75291,23.38926],[88.76284,23.38735],[88.75961,23.37357],[88.76628,23.36844],[88.77717,23.37524],[88.77216,23.36275],[88.78422,23.38065],[88.79731,23.37082],[88.81468,23.38888],[88.82713,23.37462],[88.834,23.39066],[88.84119,23.37929],[88.85255,23.37507],[88.85597,23.38319],[88.85511,23.37459],[88.87587,23.39249],[88.87757,23.40672],[88.91654,23.40594],[88.91839,23.41223],[88.91036,23.41345],[88.91517,23.41943],[88.92111,23.41278],[88.93487,23.41305],[88.93393,23.43148],[88.94406,23.43124],[88.94452,23.44025],[88.9182,23.44127],[88.9304,23.448],[88.92945,23.46158],[88.93627,23.46158],[88.93518,23.46945],[88.94516,23.48192],[88.94694,23.51273],[88.93451,23.53674],[88.94728,23.55195],[88.97782,23.54602],[88.97639,23.55744],[88.98764,23.57059],[88.9844,23.58142],[89.00346,23.60324],[89.01033,23.62626],[89.00405,23.64163],[89.00869,23.64115],[89.01193,23.65599],[89.00689,23.6915],[89.01083,23.70704],[89.01726,23.70874]]]}},{"type":"Feature","properties":{"code":"16705992B59490572634285","name_en":"Comilla"},"geometry":{"type":"Polygon","coordinates":[[[90.74114,23.69262],[90.73276,23.66708],[90.72157,23.66173],[90.69787,23.66605],[90.67651,23.68003],[90.65842,23.67173],[90.6403,23.67483],[90.62995,23.62082],[90.65305,23.6204],[90.66672,23.58926],[90.64728,23.58915],[90.647,23.57599],[90.66937,23.57106],[90.68728,23.55737],[90.70055,23.52516],[90.71083,23.51567],[90.70733,23.5027],[90.68775,23.49248],[90.70959,23.45474],[90.71079,23.43522],[90.7284,23.42687],[90.73114,23.41855],[90.73787,23.41532],[90.73651,23.42761],[90.75668,23.41603],[90.77004,23.43681],[90.77104,23.44928],[90.79428,23.43353],[90.80034,23.44742],[90.81061,23.443],[90.81714,23.44746],[90.81753,23.46279],[90.83288,23.46366],[90.83214,23.46961],[90.84267,23.47541],[90.851,23.45921],[90.86212,23.45266],[90.87701,23.45442],[90.89043,23.40817],[90.89877,23.40794],[90.89809,23.39598],[90.90846,23.39565],[90.91124,23.38737],[90.91836,23.38835],[90.93023,23.37685],[90.93247,23.34714],[90.94551,23.34237],[90.9559,23.34819],[90.95618,23.33236],[90.97315,23.31901],[90.98067,23.28764],[90.99445,23.29245],[91.00401,23.26846],[91.00888,23.27035],[91.01334,23.26233],[91.0141,23.24839],[91.02366,23.24735],[91.02347,23.23541],[91.03002,23.22941],[91.01277,23.20573],[91.01885,23.19526],[91.00002,23.18172],[91.00587,23.17524],[91.00567,23.15484],[91.01196,23.15356],[91.0095,23.14249],[90.98175,23.13737],[90.98546,23.11737],[91.01355,23.1161],[91.02324,23.10628],[91.03602,23.11441],[91.04299,23.09043],[91.06485,23.07756],[91.08036,23.07677],[91.07944,23.0716],[91.14002,23.07429],[91.14055,23.07928],[91.1599,23.08407],[91.16778,23.0698],[91.18527,23.06025],[91.21455,23.0667],[91.2226,23.05792],[91.22549,23.06655],[91.23591,23.06598],[91.23553,23.05879],[91.26481,23.05354],[91.27803,23.06035],[91.29976,23.04818],[91.31505,23.04955],[91.31633,23.057],[91.33077,23.06629],[91.3719,23.06939],[91.34692,23.10246],[91.34756,23.11893],[91.3418,23.11796],[91.33305,23.15302],[91.32332,23.15822],[91.32358,23.23761],[91.31863,23.24562],[91.32654,23.25244],[91.31796,23.25305],[91.30972,23.27651],[91.31662,23.28202],[91.30019,23.29242],[91.30715,23.29991],[91.31493,23.29676],[91.30947,23.314],[91.2898,23.31866],[91.29611,23.341],[91.31073,23.34257],[91.31101,23.35282],[91.3179,23.3531],[91.32002,23.36024],[91.29099,23.35079],[91.29484,23.36133],[91.28612,23.36328],[91.2842,23.3713],[91.2943,23.37485],[91.2797,23.37678],[91.27638,23.41483],[91.26339,23.42385],[91.27061,23.42994],[91.25148,23.45378],[91.24926,23.49031],[91.23631,23.48915],[91.23551,23.50192],[91.21793,23.49965],[91.22351,23.51417],[91.20776,23.51221],[91.20071,23.52016],[91.2129,23.55055],[91.20743,23.5455],[91.19438,23.54732],[91.1951,23.56261],[91.17518,23.58563],[91.17802,23.59188],[91.16244,23.5952],[91.15643,23.6693],[91.14197,23.66885],[91.14132,23.66438],[91.12732,23.66775],[91.12117,23.67432],[91.12779,23.68051],[91.12227,23.67904],[91.1216,23.68712],[91.1191,23.68225],[91.11987,23.69473],[91.10579,23.6953],[91.10961,23.70384],[91.10293,23.70364],[91.10855,23.70651],[91.09899,23.70691],[91.10964,23.71572],[91.08713,23.71537],[91.07974,23.72333],[91.08566,23.72985],[91.07909,23.72507],[91.07342,23.72846],[91.07835,23.73661],[91.06764,23.7321],[91.07244,23.7401],[91.06578,23.73646],[91.06708,23.74599],[91.05835,23.74585],[91.06582,23.75727],[91.05581,23.75316],[91.05947,23.76184],[91.04972,23.75971],[91.05448,23.76758],[91.04377,23.76281],[91.04924,23.77154],[91.04642,23.77824],[91.04048,23.77607],[91.03506,23.79552],[91.00336,23.78743],[90.99568,23.79447],[90.99872,23.78722],[90.96749,23.78288],[90.95901,23.77393],[90.90117,23.76647],[90.8848,23.75293],[90.88445,23.72908],[90.8708,23.71865],[90.85011,23.72734],[90.83654,23.72185],[90.82631,23.73421],[90.81704,23.73356],[90.7991,23.74628],[90.7797,23.73329],[90.77487,23.71423],[90.78706,23.69578],[90.78388,23.6853],[90.77006,23.68473],[90.76283,23.6991],[90.74114,23.69262]]]}},{"type":"Feature","properties":{"code":"16705992B34517682786426","name_en":"Cox's Bazar"},"geometry":{"type":"MultiPolygon","coordinates":[[[[92.32719,20.63543],[92.31505,20.62814],[92.32495,20.61825],[92.32456,20.59456],[92.33029,20.59061],[92.32719,20.63543]]],[[[92.2867,20.90449],[92.28537,20.91053],[92.27956,20.9204],[92.27288,20.92589],[92.27181,20.92242],[92.27453,20.91717],[92.28181,20.90728],[92.2867,20.90449]]],[[[92.26635,20.98197],[92.26631,20.98795],[92.26379,20.99348],[92.26345,20.9878],[92.26635,20.98197]]],[[[91.97142,21.50223],[91.97258,21.50301],[91.97169,21.50524],[91.9657,21.50409],[91.96728,21.50185],[91.97142,21.50223]]],[[[91.85107,21.52348],[91.84701,21.52926],[91.8465,21.52525],[91.85107,21.52348]]],[[[91.84132,21.52774],[91.84169,21.53878],[91.84055,21.53979],[91.83796,21.53488],[91.84132,21.52774]]],[[[91.99209,21.59401],[91.99827,21.60072],[91.99642,21.60758],[91.99184,21.60123],[91.99094,21.5956],[91.99209,21.59401]]],[[[91.86333,21.60062],[91.86596,21.62248],[91.84664,21.61007],[91.85292,21.59801],[91.85072,21.58174],[91.85992,21.58574],[91.86333,21.60062]]],[[[92.0064,21.60163],[92.00838,21.61164],[92.00042,21.62368],[92.0064,21.60163]]],[[[91.88316,21.64353],[91.88595,21.64601],[91.8817,21.64354],[91.88316,21.64353]]],[[[91.87017,21.92309],[91.84633,21.89935],[91.84084,21.85869],[91.85176,21.82789],[91.84213,21.80511],[91.84472,21.7754],[91.83312,21.76028],[91.82943,21.74272],[91.83361,21.72115],[91.84572,21.72429],[91.84523,21.74056],[91.89463,21.86081],[91.89266,21.89581],[91.8798,21.92115],[91.87017,21.92309]]],[[[92.06005,21.9078],[92.05717,21.92405],[92.05102,21.91819],[92.04041,21.92387],[92.04293,21.91262],[92.03625,21.90402],[91.97194,21.90434],[91.9661,21.88394],[91.95872,21.88371],[91.95759,21.8921],[91.93882,21.8778],[91.9241,21.87729],[91.92493,21.86123],[91.91657,21.85842],[91.90894,21.8164],[91.85573,21.6862],[91.85701,21.67027],[91.88248,21.64726],[91.88843,21.65372],[91.87767,21.6742],[91.8787,21.68642],[91.90532,21.69858],[91.87979,21.68368],[91.89201,21.64479],[91.88634,21.62588],[91.88202,21.63009],[91.86899,21.61496],[91.86858,21.59239],[91.88345,21.61609],[91.88233,21.59417],[91.87193,21.58439],[91.87436,21.57411],[91.86149,21.57454],[91.85921,21.56654],[91.8907,21.54533],[91.88434,21.54547],[91.88518,21.53965],[91.86282,21.54327],[91.85102,21.52864],[91.86547,21.52016],[91.85317,21.52252],[91.86263,21.50573],[91.89268,21.47997],[91.90991,21.47399],[91.91461,21.4779],[91.91425,21.4695],[91.92475,21.48405],[91.93768,21.48834],[91.91931,21.48994],[91.90339,21.5025],[91.92183,21.49096],[91.93942,21.49171],[91.93834,21.50312],[91.97677,21.50963],[91.99011,21.61552],[91.98897,21.60287],[91.99332,21.60683],[91.98298,21.64337],[91.96053,21.66925],[91.94741,21.71586],[91.96307,21.66948],[91.99767,21.63179],[92.00886,21.61302],[92.00741,21.60042],[92.01852,21.6054],[92.01053,21.62246],[92.01997,21.6071],[92.0016,21.59375],[91.99223,21.57002],[92.00088,21.51918],[92.00921,21.51197],[92.0089,21.50093],[92.02034,21.49786],[92.0071,21.50071],[92.00874,21.50822],[92.0017,21.51601],[91.96982,21.4579],[91.96969,21.47648],[91.94885,21.45932],[92.01739,21.36823],[92.03491,21.3286],[92.04799,21.28624],[92.04618,21.18457],[92.05922,21.16039],[92.18237,21.01533],[92.22389,20.91343],[92.27444,20.84004],[92.31159,20.76674],[92.3311,20.74651],[92.34987,20.74049],[92.34033,20.74677],[92.33507,20.7916],[92.31337,20.85812],[92.29927,20.88939],[92.27201,20.9157],[92.26346,20.94446],[92.2634,20.97837],[92.25123,21.0256],[92.26502,21.06224],[92.25833,21.07879],[92.2335,21.09676],[92.22372,21.1199],[92.207,21.1189],[92.20044,21.12437],[92.19933,21.16129],[92.17581,21.15998],[92.17449,21.19876],[92.16624,21.22101],[92.1796,21.2348],[92.18203,21.25273],[92.1927,21.26663],[92.17971,21.27165],[92.17104,21.2987],[92.15186,21.32176],[92.14969,21.34378],[92.14312,21.34877],[92.12646,21.40069],[92.14352,21.39998],[92.16398,21.43193],[92.18779,21.42648],[92.20188,21.39053],[92.22005,21.40079],[92.23571,21.39783],[92.24698,21.40302],[92.23774,21.41398],[92.24161,21.42619],[92.23342,21.42959],[92.22937,21.44634],[92.24225,21.45213],[92.23812,21.47603],[92.22164,21.4832],[92.21714,21.50383],[92.20262,21.50325],[92.20143,21.51407],[92.18622,21.51024],[92.18564,21.50098],[92.18279,21.51217],[92.17522,21.50734],[92.15954,21.53318],[92.15901,21.54105],[92.18468,21.56851],[92.16863,21.58806],[92.17368,21.59978],[92.16151,21.60569],[92.1475,21.59566],[92.14056,21.61833],[92.0988,21.64391],[92.11438,21.65077],[92.1016,21.65863],[92.11221,21.66603],[92.10014,21.6732],[92.10072,21.68427],[92.0923,21.68865],[92.10361,21.69621],[92.10416,21.70487],[92.11421,21.7057],[92.10696,21.71899],[92.11876,21.71821],[92.10957,21.73104],[92.12141,21.7327],[92.1158,21.74111],[92.13978,21.73289],[92.1582,21.73459],[92.16086,21.76936],[92.17643,21.78917],[92.18869,21.77385],[92.19435,21.78519],[92.21092,21.78475],[92.20569,21.81387],[92.19594,21.8253],[92.18658,21.8192],[92.1791,21.83347],[92.18445,21.83966],[92.18032,21.84777],[92.16873,21.8452],[92.19033,21.781],[92.18966,21.77623],[92.18249,21.77882],[92.17966,21.79139],[92.16533,21.7746],[92.14295,21.77954],[92.13067,21.79994],[92.10814,21.79249],[92.10286,21.80828],[92.08052,21.80993],[92.07779,21.82574],[92.0898,21.84015],[92.08194,21.85781],[92.08336,21.87675],[92.08045,21.88947],[92.06871,21.90236],[92.05969,21.90199],[92.06005,21.9078]]]]}},{"type":"Feature","properties":{"code":"16705992B90744549146712","name_en":"Dhaka"},"geometry":{"type":"Polygon","coordinates":[[[90.14755,24.03354],[90.10994,24.02653],[90.10818,24.01757],[90.07508,24.04115],[90.07449,24.03382],[90.06595,24.03744],[90.0636,24.02926],[90.0247,24.02104],[90.01964,24.02874],[90.02718,24.03394],[90.01743,24.03612],[90.01653,24.04432],[90.01042,24.03325],[90.01727,24.03131],[90.01825,24.02174],[90.00463,24.01619],[90.01348,24.00761],[90.02213,24.01482],[90.02487,24.00541],[90.04297,24.00455],[90.04506,23.99599],[90.05643,23.99956],[90.03884,23.98259],[90.04433,23.97357],[90.03801,23.97172],[90.05061,23.96062],[90.07424,23.95984],[90.06352,23.95095],[90.06688,23.92847],[90.07472,23.92582],[90.06664,23.91686],[90.06833,23.90826],[90.08576,23.91138],[90.09312,23.90117],[90.108,23.89578],[90.11605,23.87558],[90.14627,23.84448],[90.15088,23.82795],[90.16083,23.833],[90.17188,23.8278],[90.17194,23.81794],[90.17532,23.82212],[90.18541,23.8183],[90.20383,23.8306],[90.20355,23.83798],[90.21868,23.84017],[90.2396,23.83212],[90.2454,23.83895],[90.24766,23.80973],[90.24114,23.77817],[90.23654,23.77974],[90.21856,23.74831],[90.25568,23.71559],[90.22385,23.70953],[90.20532,23.72606],[90.1884,23.71656],[90.17639,23.72625],[90.15899,23.72605],[90.15694,23.74537],[90.14613,23.74814],[90.12382,23.73456],[90.1147,23.71716],[90.10517,23.71883],[90.10806,23.72808],[90.10084,23.73008],[90.08426,23.72935],[90.08068,23.71691],[90.06964,23.72675],[90.05121,23.72561],[90.05108,23.713],[90.04201,23.71282],[90.03676,23.70048],[90.04261,23.6947],[90.03667,23.69526],[90.03711,23.68272],[90.01829,23.671],[90.01985,23.65606],[90.00716,23.64471],[90.0077,23.63494],[90.04476,23.62901],[90.04761,23.61306],[90.03901,23.60939],[90.04054,23.5989],[90.05564,23.58408],[90.04649,23.57393],[90.07814,23.56142],[90.10201,23.56858],[90.12989,23.5651],[90.15826,23.52215],[90.17431,23.52458],[90.18159,23.5414],[90.17716,23.55576],[90.18576,23.56293],[90.19221,23.55938],[90.20461,23.56504],[90.20877,23.58916],[90.22125,23.59555],[90.2262,23.61355],[90.24086,23.6331],[90.24729,23.63349],[90.24961,23.65448],[90.26821,23.65307],[90.28618,23.67386],[90.34526,23.63697],[90.36826,23.65265],[90.39047,23.64986],[90.43019,23.60861],[90.44673,23.62387],[90.47023,23.62925],[90.47198,23.63877],[90.4484,23.66532],[90.45386,23.67756],[90.51279,23.70957],[90.48993,23.73599],[90.48244,23.77336],[90.47093,23.78355],[90.48053,23.79236],[90.48779,23.81764],[90.47127,23.84731],[90.46456,23.84445],[90.47165,23.86608],[90.4596,23.87962],[90.46075,23.8932],[90.4382,23.90106],[90.41898,23.88582],[90.39572,23.88016],[90.39049,23.89365],[90.37715,23.89804],[90.35019,23.88233],[90.34449,23.90237],[90.34821,23.93051],[90.34084,23.95557],[90.33547,23.94788],[90.31737,23.95752],[90.31916,23.95055],[90.30017,23.94884],[90.29781,23.96187],[90.28132,23.96738],[90.27124,23.96246],[90.26013,23.97113],[90.25007,23.99216],[90.25585,23.99488],[90.252,24.00027],[90.26003,24.01483],[90.24603,24.03332],[90.23868,24.02969],[90.23971,24.00921],[90.21596,24.00508],[90.20951,24.00989],[90.20431,24.00528],[90.19178,24.01404],[90.18114,24.00517],[90.18471,24.00205],[90.17638,24.00033],[90.16154,24.01965],[90.14706,24.0254],[90.14755,24.03354]]]}},{"type":"Feature","properties":{"code":"16705992B66423446659680","name_en":"Dinajpur"},"geometry":{"type":"Polygon","coordinates":[[[88.62676,26.05593],[88.61594,26.06289],[88.61872,26.05699],[88.60568,26.05105],[88.60919,26.03519],[88.58933,26.0204],[88.5734,26.01995],[88.56942,26.02715],[88.55742,26.02846],[88.5656,26.02372],[88.54586,26.01919],[88.54543,25.99806],[88.53054,25.99149],[88.53687,25.95189],[88.52357,25.95163],[88.5119,25.94133],[88.50767,25.91784],[88.50627,25.92609],[88.49567,25.92792],[88.50325,25.92435],[88.50282,25.91372],[88.50859,25.91618],[88.50183,25.90561],[88.47999,25.90271],[88.48264,25.88789],[88.47542,25.88866],[88.4855,25.8852],[88.48426,25.8656],[88.46973,25.86329],[88.46131,25.87331],[88.46076,25.86197],[88.45308,25.85841],[88.44459,25.86195],[88.4432,25.87138],[88.43469,25.8709],[88.43581,25.86572],[88.42215,25.87102],[88.41751,25.86934],[88.42589,25.86099],[88.42244,25.85551],[88.40846,25.86845],[88.39884,25.84191],[88.38627,25.83976],[88.39085,25.81098],[88.38274,25.79365],[88.39208,25.74332],[88.4051,25.72853],[88.4127,25.73766],[88.41879,25.72954],[88.42844,25.72866],[88.42333,25.72485],[88.43412,25.71807],[88.42357,25.71492],[88.42501,25.70816],[88.43619,25.7084],[88.43814,25.68902],[88.42837,25.6877],[88.42711,25.6697],[88.45437,25.66355],[88.45576,25.62868],[88.44506,25.61385],[88.44958,25.60508],[88.44431,25.59703],[88.45705,25.59898],[88.46879,25.58318],[88.4999,25.58405],[88.4975,25.55572],[88.50939,25.54416],[88.51901,25.54519],[88.52345,25.53529],[88.52767,25.54341],[88.53308,25.5422],[88.53277,25.5323],[88.53936,25.53483],[88.5405,25.5303],[88.5399,25.50839],[88.5463,25.50843],[88.54796,25.51825],[88.55485,25.521],[88.55302,25.51545],[88.55998,25.51256],[88.59633,25.50618],[88.60906,25.51643],[88.60612,25.50946],[88.61301,25.51],[88.62244,25.49702],[88.64846,25.49631],[88.64268,25.4928],[88.64635,25.47853],[88.66023,25.48184],[88.66297,25.47377],[88.69951,25.47131],[88.71033,25.48071],[88.70751,25.49995],[88.71381,25.49567],[88.74213,25.50512],[88.74003,25.48942],[88.76478,25.49496],[88.77078,25.50523],[88.75913,25.50971],[88.76162,25.52596],[88.78262,25.51521],[88.79233,25.52281],[88.81059,25.5232],[88.81374,25.48799],[88.82965,25.49035],[88.83928,25.45868],[88.8265,25.44486],[88.83427,25.43178],[88.82995,25.41705],[88.81828,25.41818],[88.81238,25.41051],[88.8408,25.39773],[88.84011,25.36387],[88.85478,25.36351],[88.85562,25.3543],[88.86888,25.35231],[88.86672,25.34281],[88.88509,25.32573],[88.88762,25.33721],[88.90639,25.33793],[88.91505,25.3126],[88.92776,25.31729],[88.92944,25.30421],[88.93917,25.30077],[88.98528,25.30601],[88.98529,25.29879],[88.9963,25.29579],[89.00888,25.30314],[89.00783,25.26766],[89.01871,25.26568],[89.0276,25.27759],[89.05968,25.2609],[89.07039,25.26976],[89.09677,25.24062],[89.11766,25.24188],[89.12292,25.253],[89.12976,25.24433],[89.14023,25.24673],[89.13883,25.25498],[89.15081,25.25637],[89.1746,25.2346],[89.19279,25.24089],[89.19644,25.23082],[89.20461,25.22846],[89.21667,25.23658],[89.24592,25.22372],[89.27415,25.22369],[89.27241,25.23057],[89.29918,25.22251],[89.30374,25.22962],[89.28991,25.24276],[89.28712,25.25725],[89.25592,25.28516],[89.27344,25.29182],[89.26583,25.29515],[89.26842,25.30055],[89.28252,25.30185],[89.26577,25.31309],[89.25678,25.31079],[89.26538,25.31868],[89.2632,25.32319],[89.25474,25.31551],[89.23782,25.31914],[89.23582,25.32602],[89.24543,25.33415],[89.23095,25.33839],[89.22673,25.33043],[89.22127,25.33235],[89.23049,25.3471],[89.23778,25.33973],[89.23389,25.34538],[89.24617,25.35243],[89.23334,25.35249],[89.23606,25.36487],[89.22991,25.366],[89.23157,25.36075],[89.22538,25.35789],[89.22543,25.36474],[89.20969,25.36447],[89.2065,25.36808],[89.21709,25.37666],[89.20205,25.3941],[89.20171,25.38917],[89.18809,25.38646],[89.17182,25.40522],[89.16473,25.39992],[89.16262,25.40541],[89.15177,25.40347],[89.15816,25.40365],[89.15404,25.41],[89.1377,25.41214],[89.15114,25.41291],[89.14851,25.43395],[89.13248,25.44103],[89.138,25.44689],[89.12994,25.44487],[89.11527,25.45353],[89.13034,25.45823],[89.12164,25.46052],[89.12341,25.4688],[89.11508,25.46136],[89.10459,25.47443],[89.11168,25.48113],[89.10402,25.48441],[89.10824,25.48693],[89.10295,25.48965],[89.1039,25.49981],[89.11108,25.50287],[89.10683,25.50832],[89.11479,25.50673],[89.10472,25.51177],[89.11076,25.51386],[89.10388,25.51619],[89.1048,25.53436],[89.09338,25.54563],[89.10382,25.56929],[89.06091,25.58834],[89.04467,25.58377],[89.04468,25.59828],[89.03831,25.60398],[89.01601,25.60251],[89.01069,25.61872],[88.99919,25.62],[89.00297,25.63367],[88.99128,25.64218],[89.00165,25.64992],[88.99791,25.65815],[88.97625,25.65802],[88.97771,25.67054],[88.96773,25.67226],[88.9644,25.68305],[88.95526,25.67846],[88.93898,25.68567],[88.94202,25.69137],[88.93198,25.7062],[88.93175,25.72179],[88.94608,25.73018],[88.90909,25.74574],[88.90493,25.7378],[88.91581,25.73545],[88.8976,25.7353],[88.89158,25.74181],[88.88985,25.7708],[88.85661,25.77658],[88.84427,25.81082],[88.8276,25.81317],[88.82247,25.84059],[88.82765,25.8538],[88.82015,25.8555],[88.81597,25.87723],[88.80145,25.90051],[88.80151,25.92203],[88.77858,25.93486],[88.75955,25.93895],[88.75508,25.931],[88.74448,25.93816],[88.75145,25.94745],[88.74373,25.96497],[88.74816,25.9773],[88.73495,26.01468],[88.72572,26.01625],[88.71969,26.00819],[88.70653,26.00635],[88.70032,26.00781],[88.69957,26.01571],[88.66959,26.01313],[88.64602,26.04301],[88.62676,26.05593]]]}},{"type":"Feature","properties":{"code":"16705992B67131385183639","name_en":"Faridpur"},"geometry":{"type":"Polygon","coordinates":[[[90.0077,23.63494],[89.93809,23.65387],[89.92085,23.66847],[89.8977,23.67369],[89.8649,23.71887],[89.84422,23.71303],[89.84637,23.70107],[89.81251,23.72196],[89.79136,23.71172],[89.79419,23.68786],[89.78984,23.68289],[89.75681,23.67837],[89.75573,23.66655],[89.7385,23.66626],[89.7323,23.67762],[89.72138,23.67268],[89.73042,23.65509],[89.72843,23.61898],[89.75465,23.59769],[89.75229,23.59008],[89.74067,23.58958],[89.74132,23.58322],[89.72662,23.58255],[89.712,23.5968],[89.71212,23.58887],[89.66976,23.58518],[89.66805,23.60741],[89.65668,23.60981],[89.64646,23.59086],[89.62979,23.5877],[89.60501,23.59505],[89.59767,23.60839],[89.59387,23.60508],[89.59886,23.59777],[89.59023,23.59377],[89.56332,23.60354],[89.56442,23.59492],[89.54847,23.59133],[89.54925,23.58245],[89.54225,23.57679],[89.54306,23.57106],[89.55379,23.57081],[89.54637,23.55995],[89.54179,23.56864],[89.52938,23.57088],[89.52044,23.58695],[89.50838,23.59028],[89.49732,23.57906],[89.49951,23.55778],[89.52304,23.55055],[89.5375,23.53606],[89.53289,23.52889],[89.51861,23.52954],[89.50031,23.51975],[89.48973,23.49989],[89.4939,23.47672],[89.50762,23.47819],[89.51002,23.50924],[89.52608,23.51311],[89.5724,23.49807],[89.60596,23.47269],[89.60685,23.4208],[89.61759,23.38682],[89.59941,23.37916],[89.60802,23.36979],[89.60326,23.34129],[89.62221,23.30934],[89.64536,23.29855],[89.63331,23.29774],[89.62101,23.30772],[89.62215,23.29585],[89.65286,23.2888],[89.66906,23.27834],[89.64884,23.27303],[89.63683,23.26162],[89.63325,23.23713],[89.64183,23.23246],[89.66374,23.24597],[89.67036,23.24425],[89.68736,23.22411],[89.68801,23.21039],[89.71568,23.23168],[89.71588,23.24102],[89.73124,23.24739],[89.7305,23.25703],[89.75131,23.27525],[89.7331,23.2913],[89.73559,23.29849],[89.72874,23.30391],[89.74301,23.29675],[89.74386,23.2898],[89.7509,23.30128],[89.75815,23.28858],[89.76461,23.28961],[89.77054,23.30293],[89.77832,23.2986],[89.77841,23.30576],[89.78189,23.30341],[89.77918,23.31129],[89.79476,23.31251],[89.82658,23.3478],[89.84041,23.33145],[89.85028,23.34067],[89.86278,23.3389],[89.87077,23.32131],[89.88386,23.3358],[89.90471,23.3422],[89.9168,23.33168],[89.90564,23.31355],[89.92051,23.30819],[89.92996,23.32129],[89.95033,23.32053],[89.96059,23.32897],[89.96245,23.33795],[89.94699,23.34161],[89.95404,23.36041],[89.97277,23.34874],[89.9786,23.33343],[89.99193,23.32571],[90.01899,23.32522],[90.00377,23.30306],[90.01828,23.28708],[90.02527,23.29078],[90.02513,23.30456],[90.03302,23.31464],[90.03407,23.34057],[90.06759,23.30519],[90.09276,23.31231],[90.09158,23.32646],[90.10228,23.33334],[90.09847,23.34284],[90.08405,23.34915],[90.08781,23.36692],[90.10125,23.382],[90.0955,23.38615],[90.09562,23.40176],[90.11166,23.41118],[90.09311,23.41215],[90.11093,23.43155],[90.1089,23.45366],[90.13519,23.4652],[90.14144,23.47538],[90.15745,23.46632],[90.16519,23.48984],[90.182,23.49804],[90.12989,23.5651],[90.10201,23.56858],[90.07814,23.56142],[90.04649,23.57393],[90.05564,23.58408],[90.04054,23.5989],[90.03901,23.60939],[90.04761,23.61306],[90.04476,23.62901],[90.0077,23.63494]]]}},{"type":"Feature","properties":{"code":"16705992B83268326466345","name_en":"Feni"},"geometry":{"type":"MultiPolygon","coordinates":[[[[91.45031,22.77772],[91.45123,22.76314],[91.45436,22.75689],[91.45383,22.7674],[91.45031,22.77772]]],[[[91.37947,22.77936],[91.3947,22.77662],[91.37704,22.78451],[91.37947,22.77936]]],[[[91.3311,22.8175],[91.31667,22.82177],[91.31135,22.8161],[91.32814,22.79751],[91.3311,22.8175]]],[[[91.32977,22.84708],[91.32287,22.8439],[91.3227,22.84219],[91.32571,22.84209],[91.33101,22.84506],[91.32977,22.84708]]],[[[91.46554,22.84832],[91.44895,22.82603],[91.43144,22.83773],[91.42613,22.81756],[91.4173,22.81284],[91.44733,22.78452],[91.44308,22.80223],[91.46057,22.82642],[91.46554,22.84832]]],[[[91.332,22.82066],[91.33625,22.84028],[91.32139,22.83911],[91.32646,22.84895],[91.31203,22.84549],[91.30967,22.84087],[91.32519,22.83707],[91.332,22.82066]]],[[[91.57677,22.96543],[91.55718,22.9786],[91.55694,22.99674],[91.54746,22.99436],[91.54245,22.99965],[91.54813,23.01939],[91.53835,23.01936],[91.55028,23.03855],[91.53043,23.03844],[91.53621,23.05466],[91.52491,23.0555],[91.53526,23.06348],[91.52505,23.08297],[91.52976,23.09181],[91.51887,23.09428],[91.52228,23.10414],[91.51125,23.10434],[91.51224,23.11337],[91.52033,23.11459],[91.51534,23.1178],[91.51758,23.12557],[91.50308,23.13064],[91.51526,23.14512],[91.50813,23.13981],[91.49867,23.14263],[91.49468,23.14722],[91.50716,23.1544],[91.49428,23.15236],[91.49089,23.15776],[91.49817,23.17178],[91.49167,23.17771],[91.50667,23.18008],[91.50314,23.19223],[91.48487,23.18834],[91.47069,23.19656],[91.48237,23.19857],[91.48437,23.20933],[91.47534,23.22049],[91.45856,23.21345],[91.4505,23.2196],[91.47024,23.22778],[91.45784,23.24613],[91.44854,23.24389],[91.45414,23.26051],[91.42113,23.26193],[91.41825,23.25561],[91.41956,23.27339],[91.40884,23.28532],[91.41123,23.25581],[91.39751,23.26526],[91.39723,23.25637],[91.40867,23.24776],[91.39249,23.24603],[91.40083,23.22925],[91.3864,23.22768],[91.39208,23.22016],[91.3807,23.20857],[91.38768,23.20802],[91.37987,23.18461],[91.39693,23.11781],[91.40337,23.11387],[91.4002,23.09658],[91.40601,23.09707],[91.40805,23.08358],[91.41742,23.08299],[91.4108,23.06618],[91.41731,23.065],[91.39581,23.0562],[91.3719,23.06939],[91.34281,23.06852],[91.31633,23.057],[91.31198,23.04859],[91.28793,23.05164],[91.27803,23.06035],[91.27139,23.05381],[91.25895,23.05461],[91.25556,23.03947],[91.26384,23.03453],[91.25812,23.03122],[91.26495,23.02186],[91.25235,22.96048],[91.26007,22.95877],[91.26312,22.9459],[91.26011,22.9099],[91.24862,22.90557],[91.24815,22.89422],[91.26555,22.88154],[91.26912,22.89155],[91.27743,22.89299],[91.27635,22.89939],[91.29983,22.89401],[91.30821,22.90522],[91.32183,22.90227],[91.34112,22.91329],[91.35254,22.8956],[91.34358,22.89674],[91.34458,22.88122],[91.32848,22.88166],[91.33528,22.87535],[91.34299,22.87741],[91.33693,22.86326],[91.35198,22.86622],[91.34781,22.8569],[91.35225,22.85293],[91.33915,22.8602],[91.33247,22.79737],[91.34453,22.78905],[91.36786,22.80175],[91.37682,22.78533],[91.39263,22.78194],[91.40719,22.7654],[91.42412,22.75739],[91.43029,22.77903],[91.41959,22.78744],[91.42348,22.79687],[91.41344,22.79846],[91.40532,22.80842],[91.42314,22.8244],[91.42833,22.83948],[91.44936,22.82789],[91.46533,22.85488],[91.47448,22.87563],[91.46241,22.87752],[91.4654,22.89585],[91.45871,22.90197],[91.51213,22.9018],[91.5314,22.91384],[91.53077,22.92534],[91.53882,22.92991],[91.52514,22.94025],[91.52748,22.94731],[91.53886,22.94193],[91.54293,22.9567],[91.56593,22.94706],[91.57677,22.96543]]]]}},{"type":"Feature","properties":{"code":"16705992B74857221285320","name_en":"Gaibandha"},"geometry":{"type":"Polygon","coordinates":[[[89.64783,25.04674],[89.65591,25.04999],[89.65307,25.07801],[89.63856,25.09008],[89.64982,25.10613],[89.6519,25.14411],[89.67198,25.1697],[89.70121,25.23215],[89.74889,25.23642],[89.74866,25.26951],[89.75633,25.28086],[89.7218,25.35628],[89.74442,25.37399],[89.74778,25.38733],[89.73907,25.38914],[89.73655,25.39823],[89.70084,25.39011],[89.69449,25.39901],[89.70134,25.40216],[89.69926,25.41814],[89.6866,25.41467],[89.70033,25.43727],[89.70679,25.46721],[89.68338,25.46578],[89.68495,25.47447],[89.67003,25.48873],[89.6983,25.49619],[89.68135,25.51653],[89.69773,25.53365],[89.66749,25.5358],[89.61588,25.56918],[89.58734,25.55655],[89.56649,25.58457],[89.53632,25.59049],[89.53273,25.60061],[89.54814,25.60818],[89.54894,25.62597],[89.53589,25.64899],[89.52253,25.63395],[89.52186,25.62298],[89.5082,25.61822],[89.49707,25.62222],[89.5029,25.61154],[89.49446,25.6147],[89.48844,25.5999],[89.49825,25.58574],[89.49406,25.57616],[89.48755,25.57587],[89.47101,25.59872],[89.4428,25.5844],[89.43434,25.59201],[89.41288,25.58835],[89.40462,25.55015],[89.41329,25.54944],[89.40493,25.54727],[89.41178,25.54161],[89.40258,25.53431],[89.41218,25.53628],[89.41837,25.52856],[89.42578,25.53699],[89.42853,25.53161],[89.43792,25.53846],[89.43784,25.52712],[89.44322,25.52763],[89.43404,25.5205],[89.45052,25.51765],[89.43979,25.5121],[89.4421,25.48832],[89.43364,25.48714],[89.43013,25.47424],[89.42562,25.4759],[89.41518,25.46276],[89.39928,25.46456],[89.39141,25.44184],[89.38034,25.44375],[89.37789,25.43219],[89.38359,25.42871],[89.37796,25.42426],[89.37836,25.40982],[89.36571,25.40286],[89.3646,25.39007],[89.3508,25.37878],[89.35496,25.37291],[89.34317,25.36687],[89.3402,25.33697],[89.34722,25.3365],[89.34631,25.32779],[89.33021,25.32193],[89.33639,25.31418],[89.34394,25.31976],[89.34276,25.3043],[89.26842,25.30055],[89.26583,25.29515],[89.27344,25.29182],[89.25592,25.28516],[89.28712,25.25725],[89.28991,25.24276],[89.30374,25.22962],[89.29918,25.22251],[89.27241,25.23057],[89.27415,25.22369],[89.24592,25.22372],[89.21667,25.23658],[89.1946,25.21692],[89.19245,25.19394],[89.18391,25.18454],[89.19522,25.18234],[89.20422,25.16647],[89.21673,25.16461],[89.22327,25.15434],[89.21685,25.14502],[89.2313,25.14443],[89.24815,25.11776],[89.25163,25.09729],[89.26376,25.0976],[89.28009,25.08763],[89.29736,25.11698],[89.31728,25.11588],[89.33124,25.12304],[89.34005,25.10997],[89.33128,25.09989],[89.34497,25.10096],[89.35329,25.08906],[89.35974,25.08905],[89.35554,25.08142],[89.36011,25.06645],[89.38081,25.0603],[89.38896,25.04706],[89.39136,25.06649],[89.40333,25.0676],[89.39895,25.0788],[89.40959,25.07737],[89.4132,25.08313],[89.4256,25.06521],[89.42958,25.07328],[89.44128,25.06888],[89.45214,25.07591],[89.45259,25.05558],[89.4533,25.06547],[89.4651,25.06133],[89.46247,25.05454],[89.4878,25.06171],[89.49292,25.05068],[89.51514,25.0404],[89.53025,25.04628],[89.53362,25.0402],[89.56414,25.03792],[89.60989,25.05088],[89.64026,25.03886],[89.64783,25.04674]]]}},{"type":"Feature","properties":{"code":"16705992B50862305652789","name_en":"Gazipur"},"geometry":{"type":"Polygon","coordinates":[[[90.47127,23.84731],[90.48318,23.8469],[90.50227,23.8579],[90.50526,23.87484],[90.52018,23.87642],[90.51698,23.88788],[90.5266,23.89061],[90.52568,23.89651],[90.5345,23.88702],[90.55421,23.88607],[90.55756,23.89323],[90.57067,23.89499],[90.56039,23.9111],[90.59263,23.91445],[90.6141,23.92809],[90.61809,23.96842],[90.63006,23.97945],[90.63885,24.00368],[90.65797,24.01347],[90.63533,24.07078],[90.64106,24.07624],[90.63969,24.10609],[90.65663,24.0923],[90.66813,24.09966],[90.69972,24.10131],[90.70296,24.10656],[90.69553,24.11649],[90.6763,24.11553],[90.6953,24.13996],[90.685,24.15006],[90.68634,24.18953],[90.67169,24.20484],[90.67265,24.22261],[90.68535,24.23565],[90.68295,24.24435],[90.62183,24.26856],[90.57291,24.24645],[90.54421,24.26607],[90.54627,24.2745],[90.52106,24.2877],[90.52901,24.30329],[90.4876,24.31415],[90.45796,24.3389],[90.44304,24.34114],[90.42643,24.33049],[90.42812,24.3102],[90.40936,24.29669],[90.40242,24.28269],[90.39283,24.28161],[90.37938,24.29053],[90.3625,24.281],[90.35664,24.2879],[90.35928,24.30014],[90.34765,24.29382],[90.32536,24.29919],[90.2905,24.27777],[90.30083,24.26936],[90.30039,24.25439],[90.28825,24.24161],[90.29002,24.22608],[90.26616,24.21512],[90.22596,24.1625],[90.21719,24.12841],[90.23043,24.10603],[90.20093,24.09378],[90.17336,24.10802],[90.177,24.0748],[90.15776,24.06427],[90.15935,24.05296],[90.15041,24.05224],[90.14706,24.0254],[90.16154,24.01965],[90.17638,24.00033],[90.18471,24.00205],[90.18114,24.00517],[90.19178,24.01404],[90.20431,24.00528],[90.20951,24.00989],[90.21596,24.00508],[90.23971,24.00921],[90.23868,24.02969],[90.24603,24.03332],[90.26003,24.01483],[90.252,24.00027],[90.25585,23.99488],[90.25007,23.99216],[90.26013,23.97113],[90.27124,23.96246],[90.28132,23.96738],[90.29781,23.96187],[90.30017,23.94884],[90.31916,23.95055],[90.31737,23.95752],[90.33547,23.94788],[90.34084,23.95557],[90.34821,23.93051],[90.34449,23.90237],[90.35019,23.88233],[90.37715,23.89804],[90.39049,23.89365],[90.39572,23.88016],[90.41898,23.88582],[90.4382,23.90106],[90.4578,23.89645],[90.4596,23.87962],[90.47165,23.86608],[90.46456,23.84445],[90.47127,23.84731]]]}},{"type":"Feature","properties":{"code":"16705992B87804307332289","name_en":"Gopalganj"},"geometry":{"type":"Polygon","coordinates":[[[89.94378,22.85649],[89.93887,22.86497],[89.96206,22.85293],[89.98728,22.86582],[90.01837,22.87104],[90.03481,22.93384],[90.05726,22.93262],[90.05824,22.97128],[90.06882,22.9679],[90.07749,22.98277],[90.08379,22.98107],[90.09478,23.00684],[90.12667,23.0057],[90.12697,23.02588],[90.14377,23.04784],[90.13309,23.04973],[90.12616,23.02736],[90.11484,23.0339],[90.11043,23.06639],[90.13164,23.07065],[90.10838,23.07687],[90.11012,23.10284],[90.1188,23.10909],[90.10907,23.1174],[90.07957,23.11317],[90.08084,23.12602],[90.0424,23.10563],[90.04414,23.1213],[90.01368,23.12922],[90.01204,23.13878],[89.99283,23.13194],[89.98422,23.11049],[89.93613,23.11806],[89.94284,23.15562],[89.9491,23.1623],[89.96658,23.16461],[89.97142,23.18105],[89.9773,23.1819],[89.98473,23.21823],[89.9965,23.2168],[90.00933,23.2347],[90.01785,23.23041],[90.02343,23.24043],[90.02283,23.25566],[90.03129,23.26428],[90.02123,23.27513],[90.02507,23.28699],[90.01828,23.28708],[90.00377,23.30306],[90.01899,23.32522],[89.99193,23.32571],[89.9786,23.33343],[89.97277,23.34874],[89.95191,23.36039],[89.94699,23.34161],[89.96245,23.33795],[89.96059,23.32897],[89.95033,23.32053],[89.92996,23.32129],[89.92051,23.30819],[89.90564,23.31355],[89.9168,23.33168],[89.90471,23.3422],[89.88386,23.3358],[89.87077,23.32131],[89.86278,23.3389],[89.85028,23.34067],[89.84041,23.33145],[89.82658,23.3478],[89.79476,23.31251],[89.77918,23.31129],[89.78189,23.30341],[89.77841,23.30576],[89.77832,23.2986],[89.77054,23.30293],[89.76461,23.28961],[89.75815,23.28858],[89.7509,23.30128],[89.74386,23.2898],[89.74301,23.29675],[89.72874,23.30391],[89.73559,23.29849],[89.7331,23.2913],[89.75131,23.27525],[89.7305,23.25703],[89.73124,23.24739],[89.71588,23.24102],[89.71568,23.23168],[89.68419,23.20732],[89.67903,23.18327],[89.68622,23.16826],[89.69655,23.16224],[89.73346,23.18645],[89.75365,23.18769],[89.76481,23.17993],[89.73228,23.1682],[89.73018,23.15845],[89.74167,23.14229],[89.73857,23.1296],[89.70668,23.11365],[89.6862,23.13276],[89.67539,23.13156],[89.67261,23.12314],[89.69064,23.09868],[89.73558,23.07344],[89.72861,23.05539],[89.74677,23.04864],[89.76219,23.00767],[89.79706,22.99603],[89.79266,22.97946],[89.8064,22.95919],[89.80105,22.94126],[89.865,22.90307],[89.86292,22.89643],[89.84997,22.8936],[89.8509,22.888],[89.91946,22.88106],[89.92159,22.86465],[89.94378,22.85649]]]}},{"type":"Feature","properties":{"code":"16705992B7772300815487","name_en":"Habiganj"},"geometry":{"type":"Polygon","coordinates":[[[91.30314,23.99708],[91.31488,23.99057],[91.32999,23.99262],[91.34116,23.98213],[91.36158,23.9864],[91.37946,23.97545],[91.37325,24.0028],[91.39081,24.02591],[91.39653,24.04975],[91.37708,24.07999],[91.37453,24.1079],[91.42805,24.10859],[91.43075,24.10012],[91.4405,24.10263],[91.44304,24.09735],[91.44954,24.1016],[91.46247,24.09623],[91.47311,24.10191],[91.49494,24.09565],[91.49757,24.08743],[91.54521,24.07435],[91.57284,24.0749],[91.5744,24.08015],[91.58598,24.07275],[91.59843,24.08461],[91.59109,24.09314],[91.59446,24.09665],[91.6112,24.09182],[91.63787,24.10307],[91.64111,24.11322],[91.63436,24.13818],[91.64653,24.15676],[91.64519,24.174],[91.63657,24.19721],[91.62939,24.19918],[91.61289,24.25026],[91.6188,24.25799],[91.61397,24.28591],[91.63152,24.31119],[91.63119,24.33493],[91.62046,24.3605],[91.62479,24.36395],[91.60321,24.36265],[91.60164,24.41546],[91.62069,24.41736],[91.61787,24.43951],[91.60741,24.44176],[91.61392,24.46354],[91.60965,24.47993],[91.61344,24.50184],[91.62069,24.51752],[91.63543,24.51978],[91.63199,24.52625],[91.63998,24.53565],[91.63526,24.54402],[91.65446,24.54628],[91.64117,24.55647],[91.64389,24.56621],[91.63482,24.56479],[91.63152,24.5775],[91.6242,24.5781],[91.62972,24.58742],[91.60831,24.58591],[91.62121,24.60188],[91.63158,24.58849],[91.63307,24.59526],[91.66139,24.59242],[91.6676,24.60713],[91.66092,24.62591],[91.63157,24.63055],[91.64559,24.64225],[91.64031,24.65709],[91.65739,24.67935],[91.63194,24.67211],[91.63199,24.65777],[91.62714,24.65622],[91.61406,24.67527],[91.61208,24.66979],[91.59239,24.667],[91.59097,24.65889],[91.58379,24.66109],[91.57988,24.67495],[91.56836,24.66443],[91.57686,24.65807],[91.57641,24.64533],[91.55999,24.66465],[91.55794,24.65823],[91.55004,24.66677],[91.53708,24.64823],[91.53043,24.66149],[91.52664,24.65659],[91.52255,24.66421],[91.49583,24.66901],[91.49364,24.66453],[91.48422,24.671],[91.48261,24.66404],[91.47609,24.66861],[91.46518,24.65747],[91.4627,24.66468],[91.44768,24.66515],[91.4418,24.65118],[91.4382,24.66919],[91.42545,24.66988],[91.4288,24.68223],[91.416,24.6798],[91.41379,24.67121],[91.40029,24.67066],[91.3986,24.67705],[91.39058,24.67391],[91.38608,24.68316],[91.39191,24.68766],[91.38006,24.69533],[91.35236,24.68979],[91.34864,24.68631],[91.35981,24.67931],[91.3506,24.66745],[91.34263,24.67349],[91.31284,24.64653],[91.30508,24.6544],[91.30815,24.63685],[91.29368,24.59716],[91.27356,24.59823],[91.27267,24.60566],[91.26459,24.59287],[91.26512,24.57975],[91.23396,24.56896],[91.21086,24.52086],[91.18286,24.49494],[91.16878,24.50047],[91.15005,24.48041],[91.15389,24.47634],[91.16753,24.48553],[91.19303,24.48131],[91.1841,24.47144],[91.19072,24.46573],[91.19904,24.46662],[91.20491,24.48076],[91.21899,24.47457],[91.21529,24.48353],[91.22623,24.48255],[91.23705,24.46072],[91.24212,24.42725],[91.21711,24.43248],[91.21991,24.41864],[91.21385,24.40264],[91.22099,24.40217],[91.21954,24.40954],[91.23752,24.40679],[91.25579,24.37934],[91.24257,24.37953],[91.23064,24.36602],[91.21274,24.36159],[91.23457,24.33256],[91.23496,24.31604],[91.187,24.32216],[91.17,24.3149],[91.15857,24.28267],[91.18509,24.29278],[91.19646,24.29031],[91.19307,24.27983],[91.17356,24.2652],[91.17745,24.25687],[91.19488,24.23984],[91.23534,24.23612],[91.26695,24.22327],[91.27215,24.22798],[91.28599,24.22337],[91.28082,24.23166],[91.28371,24.24487],[91.30173,24.26639],[91.32099,24.2644],[91.32886,24.24947],[91.32402,24.22954],[91.3087,24.22787],[91.30614,24.22037],[91.29853,24.22302],[91.29813,24.21369],[91.2838,24.21755],[91.27722,24.20307],[91.28536,24.19539],[91.29747,24.20337],[91.30522,24.19839],[91.31266,24.20349],[91.31316,24.18332],[91.30525,24.19071],[91.27721,24.18152],[91.27528,24.15656],[91.26698,24.15814],[91.26834,24.1485],[91.26171,24.14635],[91.26324,24.14025],[91.27171,24.14102],[91.2716,24.12367],[91.29247,24.1175],[91.28349,24.11705],[91.28417,24.11143],[91.27084,24.11254],[91.26747,24.09423],[91.27941,24.08887],[91.29314,24.09354],[91.28407,24.06079],[91.30407,24.05629],[91.30358,24.04373],[91.31165,24.03963],[91.31245,24.02866],[91.30403,24.02604],[91.30752,24.01625],[91.29429,24.0013],[91.30314,23.99708]]]}},{"type":"Feature","properties":{"code":"16705992B65705561019803","name_en":"Jamalpur"},"geometry":{"type":"Polygon","coordinates":[[[89.71534,24.77735],[89.73286,24.77014],[89.73488,24.7611],[89.74136,24.77457],[89.758,24.76718],[89.77166,24.77292],[89.78002,24.76523],[89.78257,24.74892],[89.77714,24.74308],[89.79092,24.73517],[89.78337,24.72396],[89.77241,24.72399],[89.77371,24.71641],[89.78331,24.70393],[89.79249,24.70326],[89.79014,24.68642],[89.79916,24.67998],[89.78328,24.66917],[89.78503,24.62581],[89.76569,24.62334],[89.76503,24.61384],[89.79066,24.56857],[89.81154,24.56668],[89.8099,24.57289],[89.81817,24.57584],[89.81,24.58361],[89.82806,24.58668],[89.82307,24.5952],[89.83516,24.60288],[89.82706,24.6086],[89.83682,24.60843],[89.84184,24.62377],[89.8533,24.61996],[89.84261,24.63141],[89.84788,24.63704],[89.84238,24.64451],[89.86881,24.64901],[89.86545,24.66148],[89.87806,24.67904],[89.89124,24.67426],[89.89941,24.68149],[89.8941,24.69629],[89.87999,24.70827],[89.87823,24.73152],[89.88435,24.73887],[89.88035,24.74155],[89.90274,24.73467],[89.90179,24.742],[89.90743,24.73448],[89.9171,24.74619],[89.92747,24.74427],[89.92887,24.75123],[89.92156,24.75647],[89.93577,24.75719],[89.94129,24.74352],[89.95796,24.74428],[89.9624,24.73526],[89.95744,24.73135],[89.98134,24.72489],[89.99258,24.72834],[89.99557,24.74075],[90.02045,24.75475],[90.02228,24.7701],[90.03215,24.77702],[90.04879,24.77396],[90.08911,24.78996],[90.10305,24.78252],[90.12248,24.79003],[90.13986,24.77964],[90.14314,24.78941],[90.15802,24.79222],[90.15882,24.81277],[90.16956,24.82725],[90.18944,24.82833],[90.18024,24.83983],[90.18754,24.84351],[90.18599,24.85452],[90.20016,24.8592],[90.19785,24.86544],[90.18227,24.86503],[90.18999,24.86557],[90.20165,24.87895],[90.15875,24.8929],[90.15454,24.90486],[90.13267,24.89889],[90.10867,24.90848],[90.03269,24.90963],[90.03807,24.91877],[90.02807,24.90879],[90.00554,24.91297],[89.99637,24.92291],[89.98138,24.9169],[89.94787,24.92955],[89.93769,24.95954],[89.90394,24.95802],[89.90452,24.98556],[89.89256,24.98884],[89.89245,25.01876],[89.87983,25.01989],[89.88186,25.03504],[89.90493,25.03381],[89.90479,25.04384],[89.92522,25.06277],[89.91131,25.07223],[89.91463,25.08924],[89.8948,25.11326],[89.90118,25.16231],[89.91045,25.17169],[89.88469,25.18706],[89.88935,25.21426],[89.89942,25.22617],[89.90491,25.26437],[89.93129,25.26069],[89.9317,25.28604],[89.9482,25.29366],[89.94559,25.30295],[89.93893,25.29913],[89.90907,25.30818],[89.87653,25.28545],[89.83161,25.29566],[89.84136,25.31416],[89.82137,25.35563],[89.82562,25.41522],[89.76692,25.43274],[89.77439,25.42335],[89.77158,25.41526],[89.78407,25.41299],[89.78027,25.38796],[89.74869,25.3791],[89.7218,25.35628],[89.75633,25.28086],[89.74866,25.26951],[89.74889,25.23642],[89.70121,25.23215],[89.67198,25.1697],[89.6519,25.14411],[89.64982,25.10613],[89.63856,25.09008],[89.65307,25.07801],[89.65591,25.04999],[89.64783,25.04674],[89.64949,25.03764],[89.66091,25.00783],[89.66134,24.98735],[89.67651,24.96577],[89.67236,24.9285],[89.68606,24.90285],[89.67813,24.90301],[89.66079,24.88807],[89.68495,24.82841],[89.70997,24.80702],[89.73032,24.79838],[89.71534,24.77735]]]}},{"type":"Feature","properties":{"code":"16705992B28022870637862","name_en":"Jessore"},"geometry":{"type":"Polygon","coordinates":[[[89.25808,23.3705],[89.25038,23.35953],[89.25379,23.34387],[89.23526,23.34422],[89.24499,23.33533],[89.24283,23.32887],[89.2134,23.31782],[89.21012,23.32591],[89.20063,23.29219],[89.1708,23.2906],[89.16054,23.28299],[89.14641,23.28686],[89.14447,23.27613],[89.11637,23.27919],[89.10677,23.28533],[89.10474,23.29818],[89.10117,23.29458],[89.07834,23.30978],[89.05886,23.30473],[89.04739,23.29348],[89.04344,23.29752],[89.06486,23.31269],[89.06204,23.32789],[89.05277,23.33636],[89.07045,23.35303],[89.06551,23.36174],[89.05384,23.35689],[89.03972,23.36035],[89.04119,23.37208],[89.03126,23.37448],[89.01271,23.36731],[89.03349,23.35043],[89.00952,23.34014],[88.9796,23.34351],[88.96054,23.32922],[88.96752,23.31046],[88.96123,23.30391],[88.96515,23.28921],[88.9335,23.28716],[88.92104,23.27692],[88.89964,23.27854],[88.91657,23.26855],[88.91426,23.26165],[88.90557,23.26032],[88.91255,23.24972],[88.89049,23.24476],[88.89037,23.2311],[88.91092,23.23463],[88.91479,23.21323],[88.92093,23.21613],[88.91667,23.21968],[88.92637,23.21804],[88.92929,23.21146],[88.94746,23.20659],[88.97062,23.22268],[88.97783,23.21462],[88.97554,23.22457],[88.98111,23.22262],[88.97961,23.21563],[88.98312,23.22194],[88.996,23.2145],[88.97967,23.21265],[88.98769,23.20279],[88.98005,23.19386],[88.98036,23.18266],[88.97602,23.18198],[88.9753,23.19249],[88.9618,23.19322],[88.95715,23.18217],[88.93901,23.17692],[88.93401,23.16192],[88.92784,23.16318],[88.93082,23.14333],[88.92076,23.14329],[88.91787,23.12922],[88.91027,23.1299],[88.89977,23.11219],[88.88298,23.11124],[88.88357,23.10468],[88.86839,23.10118],[88.87459,23.08992],[88.86099,23.07745],[88.87378,23.06626],[88.87495,23.04442],[88.88409,23.04055],[88.88089,23.02549],[88.87223,23.01769],[88.88018,23.00847],[88.87786,23.0034],[88.84497,23.01054],[88.85205,23.00209],[88.86558,23.00038],[88.86488,22.98647],[88.87108,22.97875],[88.85698,22.96884],[88.8589,22.94375],[88.87952,22.95427],[88.89406,22.95248],[88.8929,22.93797],[88.88688,22.93374],[88.8906,22.92741],[88.90859,22.91916],[88.91862,22.92473],[88.91803,22.91319],[88.92898,22.91991],[88.94187,22.91247],[88.94882,22.9223],[88.95545,22.91341],[88.97019,22.92127],[88.97426,22.91627],[88.97564,22.92208],[88.992,22.91607],[88.9857,22.94159],[88.99014,22.94559],[89.01547,22.94615],[89.03438,22.93026],[89.04246,22.94193],[89.04978,22.93026],[89.07831,22.93889],[89.10142,22.92271],[89.10758,22.9308],[89.10076,22.93839],[89.11387,22.9443],[89.11158,22.93319],[89.12542,22.92792],[89.14159,22.89841],[89.13756,22.89054],[89.11734,22.90388],[89.11052,22.89356],[89.12877,22.87078],[89.12543,22.84168],[89.13716,22.82749],[89.14515,22.82673],[89.14772,22.836],[89.15831,22.82573],[89.15824,22.81219],[89.14266,22.80573],[89.14796,22.79528],[89.1632,22.80226],[89.17206,22.82018],[89.17876,22.81262],[89.20146,22.81241],[89.23241,22.82497],[89.23144,22.83039],[89.24674,22.83564],[89.25526,22.848],[89.26669,22.84126],[89.26688,22.85161],[89.28512,22.84953],[89.28861,22.86221],[89.29666,22.85391],[89.30964,22.85241],[89.29628,22.8428],[89.32891,22.83791],[89.32235,22.82779],[89.348,22.83074],[89.3574,22.86294],[89.34485,22.86787],[89.35599,22.88474],[89.34609,22.90801],[89.33937,22.90952],[89.341,22.92028],[89.36357,22.92399],[89.37267,22.93482],[89.39565,22.93349],[89.39205,22.93899],[89.40633,22.95683],[89.42708,22.96203],[89.43001,22.99465],[89.43881,23.00778],[89.46023,23.00773],[89.48187,22.96752],[89.48268,22.95274],[89.51374,22.92755],[89.52268,22.94309],[89.5442,22.95107],[89.5628,22.97073],[89.56055,22.98385],[89.54565,22.97703],[89.53711,22.98431],[89.52954,23.00682],[89.50972,23.01586],[89.50122,23.0331],[89.48962,23.03772],[89.46745,23.03272],[89.45743,23.04091],[89.45442,23.05399],[89.44908,23.05027],[89.44399,23.05474],[89.44389,23.06655],[89.45326,23.06812],[89.44049,23.07355],[89.44231,23.11455],[89.41663,23.08307],[89.39916,23.08427],[89.39982,23.07684],[89.38487,23.08577],[89.3896,23.10648],[89.37822,23.13557],[89.39267,23.14471],[89.40237,23.13899],[89.4193,23.14036],[89.42014,23.14644],[89.40883,23.15343],[89.42335,23.18367],[89.41966,23.21855],[89.42347,23.21609],[89.41776,23.22974],[89.43356,23.23337],[89.42431,23.24351],[89.42557,23.25872],[89.4184,23.2679],[89.37363,23.28956],[89.36852,23.30224],[89.34362,23.28388],[89.33673,23.30352],[89.32227,23.29953],[89.31866,23.32396],[89.30812,23.31821],[89.30052,23.33025],[89.28271,23.34022],[89.28441,23.34938],[89.27292,23.35579],[89.27506,23.3683],[89.25808,23.3705]]]}},{"type":"Feature","properties":{"code":"16705992B14602656752780","name_en":"Jhalokati"},"geometry":{"type":"Polygon","coordinates":[[[90.19049,22.47953],[90.20682,22.49985],[90.22751,22.50571],[90.27906,22.54262],[90.28286,22.56122],[90.29225,22.56515],[90.30481,22.55924],[90.3112,22.57832],[90.31773,22.57566],[90.33218,22.58298],[90.34694,22.57589],[90.35107,22.56702],[90.36345,22.58056],[90.35399,22.59674],[90.33909,22.60601],[90.34632,22.61341],[90.37472,22.59298],[90.3849,22.59663],[90.37973,22.60977],[90.34384,22.62939],[90.35427,22.6367],[90.36907,22.63141],[90.37469,22.64126],[90.37163,22.65032],[90.32712,22.65934],[90.32256,22.64627],[90.31518,22.66024],[90.31989,22.67336],[90.29941,22.68559],[90.28993,22.68006],[90.27388,22.69006],[90.26786,22.71473],[90.27266,22.71943],[90.27051,22.73177],[90.25511,22.75274],[90.22393,22.75354],[90.21639,22.76136],[90.21786,22.77017],[90.20529,22.77295],[90.19941,22.78493],[90.19218,22.78653],[90.18111,22.77587],[90.18548,22.7653],[90.17661,22.75787],[90.18771,22.74195],[90.15814,22.71962],[90.13823,22.67361],[90.09721,22.65561],[90.0965,22.6396],[90.11011,22.60977],[90.10236,22.59631],[90.07883,22.58784],[90.06429,22.59485],[90.05594,22.57983],[90.06569,22.55276],[90.06288,22.50508],[90.07277,22.51156],[90.07038,22.50062],[90.07897,22.49562],[90.07908,22.48755],[90.10093,22.49964],[90.1137,22.49357],[90.11685,22.503],[90.12486,22.4899],[90.13399,22.4869],[90.12234,22.46704],[90.11039,22.45871],[90.10566,22.46192],[90.10071,22.44466],[90.07722,22.43994],[90.06359,22.46523],[90.05635,22.45597],[90.05998,22.44317],[90.03631,22.44862],[90.02729,22.44417],[90.02849,22.42021],[90.03879,22.40228],[90.02284,22.39447],[90.019,22.37183],[90.0337,22.36312],[90.03596,22.3752],[90.05586,22.35681],[90.05086,22.33691],[90.06996,22.34222],[90.07926,22.35263],[90.09291,22.34454],[90.11563,22.36415],[90.14083,22.40449],[90.17529,22.43098],[90.17481,22.45738],[90.19049,22.47953]]]}},{"type":"Feature","properties":{"code":"16705992B77509092527129","name_en":"Jhenaidah"},"geometry":{"type":"Polygon","coordinates":[[[88.76481,23.37043],[88.75888,23.36031],[88.74763,23.36239],[88.74604,23.34897],[88.73219,23.35264],[88.73908,23.34328],[88.73281,23.32791],[88.74373,23.32809],[88.74982,23.32136],[88.74501,23.30712],[88.73753,23.30508],[88.73009,23.30963],[88.73056,23.31986],[88.72501,23.31812],[88.72695,23.29983],[88.7192,23.29791],[88.71998,23.30372],[88.70644,23.30413],[88.71279,23.3109],[88.70856,23.3128],[88.69624,23.30223],[88.69764,23.29178],[88.7076,23.29095],[88.71145,23.27818],[88.72444,23.2719],[88.71881,23.25487],[88.7539,23.24026],[88.76947,23.24496],[88.77797,23.23518],[88.77437,23.22456],[88.79105,23.21829],[88.8114,23.22167],[88.80589,23.2381],[88.81095,23.25621],[88.82822,23.24519],[88.82423,23.23375],[88.83682,23.24381],[88.84485,23.23069],[88.85374,23.23646],[88.87465,23.23428],[88.88628,23.2261],[88.89049,23.24476],[88.91285,23.25089],[88.90505,23.25429],[88.90557,23.26032],[88.91426,23.26165],[88.91558,23.27135],[88.89964,23.27854],[88.92104,23.27692],[88.9335,23.28716],[88.96515,23.28921],[88.96123,23.30391],[88.96752,23.31046],[88.96054,23.32922],[88.9796,23.34351],[89.00952,23.34014],[89.03349,23.35043],[89.01271,23.36731],[89.024,23.37368],[89.04119,23.37208],[89.04218,23.3595],[89.06551,23.36174],[89.07045,23.35303],[89.05277,23.33636],[89.06204,23.32789],[89.06486,23.31269],[89.04344,23.29752],[89.04739,23.29348],[89.05886,23.30473],[89.07834,23.30978],[89.10117,23.29458],[89.10474,23.29818],[89.10677,23.28533],[89.13041,23.27402],[89.14447,23.27613],[89.14641,23.28686],[89.16054,23.28299],[89.1708,23.2906],[89.20063,23.29219],[89.21012,23.32591],[89.2134,23.31782],[89.24283,23.32887],[89.24499,23.33533],[89.23526,23.34422],[89.25379,23.34387],[89.25038,23.35953],[89.25808,23.3705],[89.24403,23.37723],[89.25037,23.38255],[89.24596,23.39254],[89.25237,23.39553],[89.2498,23.40364],[89.26089,23.40907],[89.25506,23.41469],[89.2712,23.42822],[89.25605,23.43371],[89.25615,23.44009],[89.28281,23.43802],[89.303,23.45503],[89.30696,23.48234],[89.29805,23.49755],[89.30916,23.50665],[89.30317,23.5124],[89.3054,23.54017],[89.31426,23.54482],[89.32312,23.56515],[89.33793,23.56804],[89.34498,23.57857],[89.34093,23.58889],[89.35498,23.639],[89.37673,23.6635],[89.36605,23.66129],[89.36595,23.66796],[89.34915,23.6711],[89.348,23.68277],[89.32171,23.70279],[89.32255,23.71316],[89.31165,23.7192],[89.31098,23.73107],[89.26635,23.7429],[89.25092,23.76375],[89.23191,23.7563],[89.21641,23.75988],[89.19702,23.74403],[89.17986,23.75005],[89.15878,23.73561],[89.15806,23.72232],[89.12804,23.72172],[89.11846,23.69383],[89.11177,23.70856],[89.11639,23.73415],[89.09852,23.72599],[89.09468,23.74157],[89.08284,23.74489],[89.08275,23.75805],[89.06874,23.75624],[89.0704,23.7702],[89.0605,23.77044],[89.05179,23.75819],[89.0646,23.73424],[89.07558,23.72669],[89.05989,23.71887],[89.04724,23.72792],[89.03741,23.72298],[89.05197,23.71454],[89.03745,23.69218],[89.02479,23.69558],[89.01726,23.70874],[89.01083,23.70704],[89.00608,23.66884],[89.01193,23.65599],[89.00869,23.64115],[89.00405,23.64163],[89.01033,23.62626],[89.00346,23.60324],[88.9844,23.58142],[88.98764,23.57059],[88.97639,23.55744],[88.97782,23.54602],[88.94728,23.55195],[88.93451,23.53674],[88.94694,23.51273],[88.94516,23.48192],[88.93518,23.46945],[88.93627,23.46158],[88.92945,23.46158],[88.9304,23.448],[88.9182,23.44127],[88.94452,23.44025],[88.94406,23.43124],[88.93393,23.43148],[88.93487,23.41305],[88.92111,23.41278],[88.91517,23.41943],[88.91036,23.41345],[88.91839,23.41223],[88.91654,23.40594],[88.87757,23.40672],[88.87587,23.39249],[88.85511,23.37459],[88.85597,23.38319],[88.85255,23.37507],[88.84119,23.37929],[88.834,23.39066],[88.82713,23.37462],[88.81468,23.38888],[88.79731,23.37082],[88.78422,23.38065],[88.77216,23.36275],[88.77717,23.37524],[88.76481,23.37043]]]}},{"type":"Feature","properties":{"code":"16705992B2288856744536","name_en":"Joypurhat"},"geometry":{"type":"Polygon","coordinates":[[[89.28009,25.08763],[89.26376,25.0976],[89.25163,25.09729],[89.24815,25.11776],[89.2313,25.14443],[89.21685,25.14502],[89.22327,25.15434],[89.21673,25.16461],[89.20422,25.16647],[89.19522,25.18234],[89.18391,25.18454],[89.19245,25.19394],[89.1946,25.21692],[89.20461,25.22846],[89.19644,25.23082],[89.19279,25.24089],[89.1746,25.2346],[89.15081,25.25637],[89.13883,25.25498],[89.14023,25.24673],[89.12976,25.24433],[89.12292,25.253],[89.11766,25.24188],[89.09677,25.24062],[89.07039,25.26976],[89.05968,25.2609],[89.0276,25.27759],[89.02772,25.27191],[89.00759,25.26374],[88.98676,25.27457],[88.98222,25.26499],[88.95625,25.25516],[88.95164,25.23229],[88.96171,25.20916],[88.9364,25.21063],[88.93383,25.1999],[88.93782,25.19361],[88.9475,25.19455],[88.9435,25.18314],[88.94841,25.17643],[88.94102,25.17361],[88.93328,25.18135],[88.92769,25.1762],[88.91957,25.1463],[88.92877,25.14032],[88.92109,25.13185],[88.94031,25.11416],[88.9415,25.09785],[88.93106,25.07214],[88.93775,25.05786],[88.94459,25.05753],[88.94084,25.04148],[88.9557,25.02888],[88.95353,25.05564],[88.98224,25.05565],[88.99676,25.0456],[89.00165,25.05148],[89.01653,25.04729],[89.00953,25.03634],[89.0187,25.02624],[89.00926,25.02123],[89.01783,25.01796],[89.00928,25.0081],[89.01207,24.98229],[89.00002,24.97272],[89.00427,24.93087],[88.99978,24.90974],[89.00752,24.89921],[88.99053,24.87845],[88.99452,24.86822],[88.99003,24.85944],[89.00951,24.85862],[89.01508,24.84887],[89.02052,24.8571],[89.03538,24.85637],[89.04454,24.86459],[89.05416,24.86073],[89.06573,24.87294],[89.07723,24.8688],[89.08971,24.87514],[89.07557,24.88517],[89.08082,24.89317],[89.08992,24.88763],[89.09799,24.89139],[89.10055,24.90336],[89.0946,24.90412],[89.08346,24.92781],[89.09542,24.94381],[89.08811,24.96069],[89.09997,24.96275],[89.10331,24.97088],[89.12751,24.96237],[89.12195,24.94979],[89.17905,24.95302],[89.18923,24.94301],[89.18713,24.96221],[89.17778,24.96957],[89.18635,24.98267],[89.19824,24.9854],[89.19057,24.99541],[89.20582,24.99675],[89.19754,25.00027],[89.22048,25.023],[89.21373,25.02374],[89.21476,25.02909],[89.22904,25.01848],[89.23618,25.02044],[89.24449,25.04824],[89.25098,25.05196],[89.24644,25.06515],[89.28009,25.08763]]]}},{"type":"Feature","properties":{"code":"16705992B35326431749719","name_en":"Khagrachhari"},"geometry":{"type":"Polygon","coordinates":[[[91.92755,22.68871],[91.96254,22.69104],[91.96664,22.71779],[91.98995,22.71917],[92.00141,22.72681],[91.97595,22.78643],[91.98066,22.83433],[92.00067,22.84235],[92.01887,22.88401],[92.03996,22.88437],[92.05377,22.89432],[92.07007,22.93349],[92.11831,22.95861],[92.10471,23.0036],[92.07174,23.07269],[92.11535,23.08015],[92.13849,23.09554],[92.14255,23.08926],[92.18108,23.10195],[92.13393,23.20507],[92.12507,23.31899],[92.04839,23.36567],[92.12019,23.41296],[92.13697,23.43043],[92.11565,23.55599],[92.07379,23.64759],[92.04603,23.64683],[92.02214,23.65822],[92.02318,23.66298],[92.00842,23.66373],[91.99996,23.67133],[91.97806,23.73334],[91.96714,23.72964],[91.95686,23.73417],[91.94812,23.71392],[91.95731,23.69398],[91.94104,23.69345],[91.93395,23.68444],[91.94649,23.64608],[91.94218,23.63495],[91.95404,23.60977],[91.95678,23.55132],[91.96451,23.53537],[91.95623,23.52584],[91.97097,23.50266],[91.96911,23.4765],[91.95819,23.47966],[91.95867,23.47306],[91.9366,23.46651],[91.94273,23.43525],[91.89964,23.44072],[91.86054,23.40531],[91.84504,23.40477],[91.84186,23.38848],[91.8362,23.38661],[91.83762,23.37091],[91.82556,23.36329],[91.82505,23.35245],[91.80947,23.34414],[91.80523,23.3329],[91.76426,23.30937],[91.76131,23.27719],[91.77699,23.26937],[91.78035,23.24712],[91.77606,23.24339],[91.78348,23.24343],[91.79102,23.22694],[91.78884,23.2045],[91.81,23.16522],[91.80603,23.15745],[91.81416,23.14529],[91.80803,23.13579],[91.81464,23.13359],[91.81085,23.12187],[91.81802,23.11215],[91.81337,23.09935],[91.83574,23.09319],[91.81469,23.08072],[91.81833,23.07295],[91.80598,23.06316],[91.79401,23.06243],[91.78953,23.0718],[91.78889,23.06735],[91.77446,23.06972],[91.78353,23.04147],[91.78051,23.02922],[91.77424,23.02725],[91.77436,23.03864],[91.76849,23.04111],[91.77186,23.0332],[91.76103,23.02999],[91.74384,23.00659],[91.72614,22.99915],[91.72053,22.98755],[91.71188,22.98639],[91.73064,22.94022],[91.72572,22.93837],[91.72089,22.9144],[91.72523,22.90682],[91.71642,22.88694],[91.72808,22.87303],[91.74516,22.87215],[91.75475,22.86209],[91.76584,22.81651],[91.77549,22.79401],[91.79023,22.78328],[91.79288,22.76882],[91.81202,22.79329],[91.83475,22.79032],[91.83263,22.77558],[91.83773,22.78221],[91.85226,22.76986],[91.85681,22.77771],[91.85645,22.75699],[91.8749,22.76761],[91.88695,22.76583],[91.89538,22.75254],[91.8836,22.75166],[91.87677,22.71777],[91.8833,22.69724],[91.89774,22.69233],[91.9212,22.70027],[91.92755,22.68871]]]}},{"type":"Feature","properties":{"code":"16705992B21968895988188","name_en":"Khulna"},"geometry":{"type":"MultiPolygon","coordinates":[[[[89.34011,21.69628],[89.3489,21.70402],[89.33675,21.71832],[89.33035,21.70139],[89.34011,21.69628]]],[[[89.3842,21.87287],[89.38157,21.87774],[89.34845,21.80563],[89.35489,21.7969],[89.36083,21.7551],[89.37947,21.76454],[89.38605,21.78929],[89.39468,21.79831],[89.38631,21.78864],[89.3799,21.76256],[89.36007,21.75179],[89.37718,21.73134],[89.39787,21.72148],[89.42641,21.73597],[89.42495,21.74353],[89.40648,21.7555],[89.42651,21.74418],[89.43815,21.75002],[89.44716,21.76807],[89.45482,21.7659],[89.47275,21.78952],[89.47333,21.80779],[89.46373,21.81819],[89.43669,21.80776],[89.43103,21.8177],[89.41534,21.81648],[89.43134,21.8192],[89.43615,21.8088],[89.46355,21.81885],[89.45602,21.84191],[89.44845,21.84753],[89.4062,21.84796],[89.39066,21.86285],[89.39592,21.87423],[89.3842,21.87287]]],[[[89.3358,21.78955],[89.33733,21.81706],[89.35025,21.83432],[89.36404,21.88362],[89.31096,21.85271],[89.31422,21.82806],[89.3358,21.78955]]],[[[89.32177,21.86153],[89.35739,21.88366],[89.33353,21.87587],[89.32177,21.86153]]],[[[89.40363,21.92172],[89.40779,21.92985],[89.3814,21.92244],[89.38199,21.879],[89.39714,21.8738],[89.39177,21.86209],[89.40357,21.85019],[89.42346,21.84785],[89.42022,21.86268],[89.45014,21.87421],[89.42023,21.8907],[89.40253,21.91411],[89.40363,21.92172]]],[[[89.41545,21.98614],[89.40102,21.98076],[89.40212,21.96431],[89.38848,21.95907],[89.3808,21.96405],[89.37459,21.95298],[89.39693,21.94475],[89.4,21.93923],[89.38921,21.93206],[89.40843,21.93115],[89.40337,21.91593],[89.41979,21.89361],[89.45144,21.8746],[89.44573,21.86736],[89.42183,21.86226],[89.42224,21.85084],[89.45642,21.85239],[89.46007,21.86029],[89.46772,21.85754],[89.4643,21.88043],[89.46747,21.88909],[89.47153,21.88494],[89.47131,21.90244],[89.45452,21.90195],[89.44614,21.90794],[89.45691,21.93422],[89.43101,21.94642],[89.41692,21.96994],[89.42447,21.9846],[89.41545,21.98614]]],[[[89.48897,21.99797],[89.47116,22.04631],[89.45429,22.05062],[89.44226,22.0624],[89.43048,22.04303],[89.43876,21.99006],[89.42193,21.97016],[89.43756,21.95004],[89.46079,21.9387],[89.45378,21.90894],[89.48627,21.90866],[89.50435,21.91498],[89.50843,21.92904],[89.47698,21.93425],[89.46886,21.94149],[89.47269,21.94844],[89.45564,21.94965],[89.46769,21.96158],[89.46417,21.966],[89.46875,21.96123],[89.45689,21.94982],[89.47394,21.94897],[89.47061,21.94115],[89.47644,21.93731],[89.48363,21.94115],[89.48199,21.9582],[89.4849,21.94132],[89.47718,21.93535],[89.50133,21.92921],[89.50749,21.9344],[89.50601,21.96217],[89.46536,21.99639],[89.50204,21.96861],[89.48897,21.99797]]],[[[89.39016,22.05571],[89.37663,22.06347],[89.35366,22.03224],[89.36259,21.95965],[89.38553,21.92327],[89.39142,21.92684],[89.38897,21.93474],[89.39797,21.94011],[89.37275,21.95592],[89.37979,21.96532],[89.39222,21.96095],[89.40233,21.97079],[89.3847,22.00585],[89.39908,21.98248],[89.41512,21.99348],[89.40963,22.00323],[89.41942,22.01676],[89.40834,22.01591],[89.41758,22.01908],[89.41192,21.98863],[89.43276,21.98883],[89.42734,22.02651],[89.40184,22.0545],[89.39016,22.05571]]],[[[89.49581,22.03014],[89.51696,22.05988],[89.52007,22.07273],[89.51538,22.07987],[89.50039,22.06207],[89.47873,22.0503],[89.48083,22.04069],[89.49581,22.03014]]],[[[89.47301,22.04884],[89.51288,22.08064],[89.48921,22.09064],[89.44422,22.06414],[89.45387,22.05272],[89.47301,22.04884]]],[[[89.30728,22.10713],[89.27734,22.11309],[89.26255,22.08999],[89.2991,22.09853],[89.30735,22.09118],[89.30699,22.07699],[89.32818,22.06035],[89.34194,22.05801],[89.32319,22.08543],[89.31823,22.10525],[89.30728,22.10713]]],[[[89.50664,22.09226],[89.49573,22.13063],[89.48278,22.14415],[89.47363,22.14135],[89.47183,22.1219],[89.48533,22.09714],[89.50925,22.08765],[89.50664,22.09226]]],[[[89.44311,22.15988],[89.41717,22.15893],[89.40815,22.14943],[89.40831,22.12746],[89.38345,22.11616],[89.39179,22.08436],[89.37719,22.06613],[89.40877,22.05109],[89.42749,22.02891],[89.42784,22.05329],[89.44856,22.07499],[89.41319,22.11066],[89.42375,22.11835],[89.42997,22.13909],[89.42422,22.1174],[89.41465,22.11462],[89.41889,22.10149],[89.43796,22.09395],[89.4504,22.07581],[89.48539,22.08994],[89.45889,22.12064],[89.46281,22.1431],[89.44311,22.15988]]],[[[89.33342,22.12442],[89.32545,22.13302],[89.33728,22.15155],[89.33361,22.17455],[89.32322,22.18445],[89.31167,22.16671],[89.28944,22.15054],[89.27819,22.11733],[89.31834,22.10846],[89.32733,22.08496],[89.34455,22.06435],[89.34433,22.05676],[89.33306,22.05463],[89.30439,22.07211],[89.28953,22.06152],[89.32502,21.99284],[89.34705,21.97223],[89.34274,22.03148],[89.36281,22.05207],[89.38459,22.09033],[89.34856,22.11308],[89.34929,22.13217],[89.33342,22.12442]]],[[[89.45747,22.22391],[89.4579,22.24657],[89.41838,22.23161],[89.41965,22.22602],[89.41075,22.2193],[89.39452,22.22047],[89.40592,22.21027],[89.39421,22.20135],[89.41254,22.19752],[89.4331,22.16636],[89.44377,22.16496],[89.4622,22.14823],[89.43427,22.18321],[89.437,22.18705],[89.44242,22.17075],[89.459,22.15492],[89.47123,22.1615],[89.45911,22.19667],[89.45747,22.22391]]],[[[89.45741,22.25153],[89.4789,22.27254],[89.44876,22.32313],[89.4227,22.34664],[89.42561,22.32708],[89.40975,22.30432],[89.43007,22.28963],[89.43395,22.27856],[89.41476,22.2382],[89.45741,22.25153]]],[[[89.74916,22.96391],[89.73646,22.97317],[89.68932,22.97673],[89.67621,22.96753],[89.66948,22.97719],[89.65179,22.98349],[89.64988,22.96853],[89.62844,22.96142],[89.62346,22.97038],[89.61127,22.95553],[89.58475,22.97758],[89.58693,22.98545],[89.56677,22.99154],[89.55622,22.96269],[89.52268,22.94309],[89.51374,22.92755],[89.48268,22.95274],[89.48187,22.96752],[89.46023,23.00773],[89.43881,23.00778],[89.43001,22.99465],[89.42708,22.96203],[89.40633,22.95683],[89.39205,22.93899],[89.39565,22.93349],[89.37267,22.93482],[89.36357,22.92399],[89.341,22.92028],[89.33937,22.90952],[89.34609,22.90801],[89.35599,22.88474],[89.34485,22.86787],[89.3574,22.86294],[89.35059,22.8534],[89.35273,22.83462],[89.32235,22.82779],[89.32891,22.83791],[89.29628,22.8428],[89.30964,22.85241],[89.29666,22.85391],[89.28861,22.86221],[89.28512,22.84953],[89.26688,22.85161],[89.26669,22.84126],[89.25526,22.848],[89.2474,22.83988],[89.25636,22.83134],[89.24561,22.81635],[89.24804,22.81144],[89.26499,22.81317],[89.27079,22.79064],[89.28979,22.79484],[89.2987,22.78795],[89.29888,22.77201],[89.31014,22.76221],[89.31064,22.75016],[89.33167,22.72884],[89.3295,22.71601],[89.30565,22.71369],[89.30953,22.69503],[89.30058,22.68297],[89.28645,22.6971],[89.27108,22.69841],[89.25987,22.71746],[89.2623,22.66885],[89.3017,22.64695],[89.27635,22.63139],[89.28981,22.62211],[89.26395,22.63162],[89.26595,22.6446],[89.25956,22.65824],[89.25094,22.65711],[89.24318,22.63777],[89.25995,22.62129],[89.24512,22.61808],[89.24322,22.61036],[89.26194,22.60459],[89.26492,22.59509],[89.25875,22.57255],[89.24205,22.56773],[89.23417,22.55212],[89.24824,22.52997],[89.25581,22.49594],[89.28512,22.4773],[89.25842,22.46679],[89.25854,22.45235],[89.24746,22.45025],[89.24129,22.43733],[89.25493,22.40024],[89.24018,22.37424],[89.24588,22.36979],[89.26392,22.378],[89.27298,22.34611],[89.25352,22.34568],[89.25102,22.3394],[89.27565,22.30979],[89.28084,22.2882],[89.31438,22.28366],[89.292,22.25661],[89.31138,22.2316],[89.30275,22.21664],[89.33005,22.20061],[89.32668,22.21185],[89.33191,22.2166],[89.33484,22.19893],[89.3245,22.19032],[89.33717,22.17944],[89.34069,22.15325],[89.32998,22.13599],[89.33559,22.12804],[89.35169,22.13637],[89.35082,22.11841],[89.36974,22.09982],[89.37993,22.10047],[89.38204,22.12044],[89.40524,22.13028],[89.37656,22.13813],[89.38403,22.15712],[89.36877,22.16237],[89.38257,22.18092],[89.35783,22.18164],[89.3601,22.19081],[89.35925,22.18227],[89.38365,22.18156],[89.37029,22.1623],[89.38567,22.15734],[89.37897,22.13834],[89.40641,22.13392],[89.40618,22.15215],[89.429,22.16651],[89.41059,22.19536],[89.38778,22.19855],[89.37913,22.2112],[89.36648,22.20975],[89.36525,22.21479],[89.38034,22.2117],[89.3888,22.19929],[89.40218,22.209],[89.39202,22.22037],[89.40275,22.22743],[89.39488,22.22577],[89.38952,22.24205],[89.39648,22.23591],[89.3963,22.22594],[89.40277,22.22891],[89.40996,22.22003],[89.41905,22.22672],[89.40894,22.24138],[89.412,22.25842],[89.3852,22.26894],[89.37841,22.25741],[89.36918,22.26867],[89.34605,22.26351],[89.37022,22.26956],[89.37824,22.25863],[89.38398,22.2704],[89.41414,22.25922],[89.42581,22.27489],[89.39476,22.27525],[89.39022,22.29091],[89.39425,22.27661],[89.40237,22.27933],[89.40532,22.27304],[89.4074,22.27859],[89.42188,22.27518],[89.42696,22.28239],[89.4128,22.29221],[89.40713,22.28873],[89.3833,22.29661],[89.37672,22.3147],[89.36183,22.32147],[89.37872,22.31577],[89.37766,22.30552],[89.3846,22.29714],[89.41916,22.29063],[89.4059,22.30584],[89.41619,22.32126],[89.39638,22.33378],[89.40013,22.34767],[89.38206,22.35062],[89.38256,22.37229],[89.36245,22.37357],[89.36514,22.39275],[89.36474,22.37456],[89.38434,22.3734],[89.38408,22.35065],[89.40063,22.3501],[89.3987,22.33426],[89.42079,22.32421],[89.42273,22.3502],[89.40848,22.36502],[89.4088,22.37728],[89.39938,22.39278],[89.38819,22.39866],[89.40078,22.39311],[89.41024,22.37666],[89.40903,22.36641],[89.42253,22.35421],[89.43876,22.38594],[89.42448,22.41154],[89.43444,22.41366],[89.4485,22.40627],[89.44656,22.37411],[89.43361,22.35712],[89.47364,22.30529],[89.48058,22.31679],[89.45626,22.33863],[89.46361,22.34428],[89.48608,22.33932],[89.48887,22.3703],[89.46811,22.37191],[89.47651,22.38257],[89.46587,22.38557],[89.46392,22.39953],[89.47446,22.40306],[89.46305,22.40534],[89.47776,22.404],[89.46517,22.39922],[89.46687,22.38612],[89.4776,22.38263],[89.46895,22.37309],[89.48992,22.37109],[89.48712,22.34113],[89.49716,22.34438],[89.48393,22.33672],[89.46117,22.3427],[89.4604,22.33393],[89.48259,22.31743],[89.47628,22.29943],[89.49019,22.28084],[89.49256,22.26643],[89.49579,22.28839],[89.48582,22.30355],[89.49215,22.30705],[89.50113,22.29698],[89.51644,22.30219],[89.50159,22.29601],[89.49133,22.30593],[89.48655,22.30251],[89.49699,22.28965],[89.49692,22.27477],[89.47591,22.23227],[89.51751,22.10135],[89.52432,22.09645],[89.54372,22.09822],[89.54842,22.11229],[89.53716,22.12735],[89.54308,22.14511],[89.53901,22.15176],[89.54408,22.1445],[89.53926,22.12488],[89.5505,22.11192],[89.54493,22.09565],[89.52675,22.09567],[89.53522,22.08255],[89.53446,22.06309],[89.51018,22.01663],[89.53196,21.9947],[89.58393,22.12479],[89.5452,22.18597],[89.54155,22.20252],[89.52465,22.19813],[89.52658,22.20807],[89.53315,22.21014],[89.52694,22.22103],[89.53707,22.23353],[89.53521,22.24224],[89.53797,22.23329],[89.52835,22.22225],[89.53509,22.20955],[89.52688,22.20535],[89.52766,22.19726],[89.54365,22.20651],[89.57156,22.236],[89.57298,22.24449],[89.57054,22.25307],[89.55324,22.26272],[89.55203,22.30216],[89.52722,22.33064],[89.51188,22.32814],[89.51482,22.33765],[89.53458,22.34302],[89.50384,22.37224],[89.53552,22.34515],[89.53488,22.33908],[89.51243,22.33141],[89.51579,22.32743],[89.52841,22.33203],[89.53858,22.31476],[89.55389,22.30422],[89.55606,22.26117],[89.57274,22.25364],[89.57816,22.24062],[89.58672,22.24332],[89.57919,22.25965],[89.58193,22.27952],[89.61454,22.32335],[89.62458,22.34404],[89.61962,22.36306],[89.62882,22.36591],[89.62437,22.40211],[89.60617,22.43013],[89.60269,22.44686],[89.59619,22.44669],[89.57004,22.55016],[89.53237,22.6091],[89.53711,22.6256],[89.55241,22.64088],[89.54909,22.66137],[89.55647,22.67842],[89.57906,22.66853],[89.56977,22.69112],[89.60267,22.70213],[89.60096,22.70952],[89.58935,22.70987],[89.58529,22.71747],[89.59841,22.72228],[89.61125,22.77398],[89.61833,22.77583],[89.63113,22.76288],[89.64421,22.77412],[89.64716,22.75288],[89.65422,22.75499],[89.66593,22.79887],[89.6769,22.79651],[89.67585,22.81265],[89.71118,22.82543],[89.71782,22.84835],[89.6953,22.87439],[89.70841,22.88203],[89.71482,22.87775],[89.71929,22.88497],[89.71151,22.8918],[89.72829,22.89577],[89.72141,22.90291],[89.74119,22.91885],[89.72627,22.91758],[89.75112,22.94568],[89.74916,22.96391]]]]}},{"type":"Feature","properties":{"code":"16705992B82604838368079","name_en":"Kishoreganj"},"geometry":{"type":"Polygon","coordinates":[[[91.17356,24.2652],[91.19307,24.27983],[91.19646,24.29031],[91.18509,24.29278],[91.15857,24.28267],[91.17,24.3149],[91.187,24.32216],[91.23496,24.31604],[91.23457,24.33256],[91.21274,24.36159],[91.23064,24.36602],[91.24257,24.37953],[91.25579,24.37934],[91.23752,24.40679],[91.21954,24.40954],[91.22099,24.40217],[91.21385,24.40264],[91.21991,24.41864],[91.21711,24.43248],[91.24212,24.42725],[91.23705,24.46072],[91.22623,24.48255],[91.21529,24.48353],[91.21899,24.47457],[91.20491,24.48076],[91.19904,24.46662],[91.19072,24.46573],[91.1841,24.47144],[91.19303,24.48131],[91.16753,24.48553],[91.15389,24.47634],[91.15005,24.48041],[91.16878,24.50047],[91.18286,24.49494],[91.21086,24.52086],[91.23396,24.56896],[91.20605,24.57704],[91.20706,24.58593],[91.19672,24.58881],[91.20431,24.59418],[91.20002,24.60941],[91.17885,24.61656],[91.17826,24.63029],[91.19495,24.62645],[91.19205,24.63844],[91.18505,24.63565],[91.17485,24.64308],[91.16381,24.63218],[91.15434,24.63896],[91.13816,24.63459],[91.12991,24.64211],[91.12732,24.62916],[91.13466,24.62064],[91.12886,24.61003],[91.10466,24.608],[91.10459,24.59971],[91.09996,24.60503],[91.09924,24.59944],[91.0931,24.60159],[91.07319,24.61896],[91.03823,24.61098],[91.04133,24.62436],[91.02997,24.62996],[91.01835,24.60312],[90.98448,24.60522],[90.97688,24.59954],[90.96286,24.6115],[90.95355,24.60243],[90.93869,24.60185],[90.92747,24.61586],[90.91632,24.61373],[90.91585,24.60118],[90.90725,24.59463],[90.90402,24.5998],[90.88477,24.60034],[90.88,24.59247],[90.85694,24.59948],[90.83976,24.57992],[90.81997,24.58802],[90.8197,24.57455],[90.80994,24.56565],[90.81517,24.56059],[90.80976,24.54177],[90.80427,24.54649],[90.8052,24.53118],[90.79239,24.51842],[90.79416,24.50804],[90.75752,24.51273],[90.75326,24.50316],[90.74284,24.50967],[90.73609,24.48607],[90.72189,24.47102],[90.71564,24.49138],[90.70464,24.50024],[90.70327,24.51774],[90.68216,24.50228],[90.68539,24.48851],[90.67806,24.48128],[90.67823,24.467],[90.66324,24.46703],[90.64826,24.47781],[90.63684,24.47554],[90.63796,24.48103],[90.63188,24.47871],[90.6043,24.4991],[90.58824,24.49691],[90.57377,24.48213],[90.57889,24.45858],[90.58744,24.44807],[90.6336,24.4351],[90.64601,24.41645],[90.63914,24.37731],[90.61792,24.33919],[90.64085,24.30653],[90.64929,24.25799],[90.65742,24.25065],[90.70793,24.23678],[90.73308,24.23846],[90.75179,24.25157],[90.77948,24.24431],[90.78331,24.22663],[90.79349,24.21882],[90.78615,24.19305],[90.80101,24.1846],[90.80721,24.18801],[90.82515,24.1571],[90.84504,24.1426],[90.87099,24.13999],[90.86867,24.12898],[90.8487,24.12062],[90.84603,24.11161],[90.89112,24.0964],[90.91255,24.07489],[90.94437,24.08425],[90.95358,24.06705],[90.96794,24.06006],[90.96176,24.03368],[90.98599,24.0306],[91.00851,24.0499],[91.04157,24.06592],[91.05389,24.08868],[91.04323,24.11086],[90.994,24.14171],[90.98514,24.15257],[90.98939,24.1621],[91.01653,24.18084],[91.03993,24.21183],[91.06537,24.21597],[91.09052,24.21167],[91.09027,24.21932],[91.07878,24.2285],[91.0851,24.24112],[91.13385,24.2431],[91.17356,24.2652]]]}},{"type":"Feature","properties":{"code":"16705992B97164497642406","name_en":"Kurigram"},"geometry":{"type":"MultiPolygon","coordinates":[[[[89.51742,26.0265],[89.51053,26.02413],[89.51413,26.01086],[89.52192,26.02444],[89.51742,26.0265]]],[[[89.56466,26.06066],[89.55165,26.06306],[89.55841,26.05014],[89.57159,26.05251],[89.57284,26.06302],[89.56466,26.06066]]],[[[89.50184,26.06993],[89.50266,26.06],[89.51169,26.05766],[89.51441,26.06558],[89.50184,26.06993]]],[[[89.62064,26.06831],[89.61714,26.07998],[89.6115,26.07238],[89.62064,26.06831]]],[[[89.70255,26.17716],[89.70269,26.18202],[89.69931,26.18367],[89.69852,26.18005],[89.70255,26.17716]]],[[[89.58585,26.18371],[89.58762,26.18681],[89.58683,26.18948],[89.58317,26.18442],[89.58585,26.18371]]],[[[89.60389,26.19245],[89.58996,26.18935],[89.58859,26.17594],[89.60731,26.17565],[89.5994,26.18036],[89.60621,26.1843],[89.60389,26.19245]]],[[[89.62191,26.20042],[89.61374,26.1969],[89.61573,26.1896],[89.60912,26.19105],[89.61871,26.18616],[89.62191,26.20042]]],[[[89.59804,26.19708],[89.59415,26.20273],[89.58927,26.19711],[89.59804,26.19708]]],[[[89.61064,26.20534],[89.60914,26.20383],[89.61715,26.20245],[89.61674,26.20454],[89.61064,26.20534]]],[[[89.74442,25.37399],[89.78027,25.38796],[89.78407,25.41299],[89.77158,25.41526],[89.77439,25.42335],[89.76692,25.43274],[89.82562,25.41522],[89.83267,25.43887],[89.85227,25.46637],[89.84916,25.49253],[89.86018,25.51772],[89.85122,25.53872],[89.86594,25.54628],[89.88242,25.61731],[89.87103,25.66265],[89.86323,25.66604],[89.84661,25.69571],[89.85049,25.71306],[89.83505,25.71585],[89.82733,25.72995],[89.84127,25.75909],[89.82675,25.80958],[89.81699,25.81438],[89.83523,25.84083],[89.83251,25.87071],[89.87853,25.92434],[89.88701,25.94533],[89.84267,25.94011],[89.82535,25.94557],[89.831,25.95521],[89.84929,25.94921],[89.83805,25.96814],[89.87176,25.97416],[89.87066,25.98145],[89.85023,25.9902],[89.8358,26.01267],[89.83087,26.00197],[89.83589,25.98253],[89.82015,25.98774],[89.81481,25.99795],[89.82042,25.99804],[89.82194,26.01004],[89.8153,26.02031],[89.81922,26.02591],[89.80861,26.04342],[89.79057,26.0179],[89.7876,26.02136],[89.79382,26.02264],[89.80177,26.04035],[89.79349,26.04236],[89.79059,26.03438],[89.7879,26.04038],[89.77357,26.03773],[89.78782,26.04781],[89.78525,26.05698],[89.79872,26.05966],[89.79653,26.07641],[89.79031,26.07553],[89.79485,26.08743],[89.78122,26.08355],[89.78311,26.10609],[89.75634,26.10912],[89.76642,26.13081],[89.75412,26.14031],[89.7476,26.15744],[89.72036,26.1564],[89.71448,26.16886],[89.70989,26.15631],[89.70131,26.15186],[89.67425,26.16705],[89.70199,26.17406],[89.69174,26.17764],[89.67344,26.20578],[89.69142,26.21176],[89.68504,26.20874],[89.67965,26.21409],[89.67897,26.22419],[89.68939,26.22137],[89.67871,26.23833],[89.67184,26.21995],[89.6555,26.21916],[89.6338,26.23035],[89.63214,26.21198],[89.63833,26.21109],[89.63942,26.19983],[89.64994,26.1903],[89.64236,26.18538],[89.63011,26.19587],[89.6277,26.18406],[89.63904,26.17872],[89.65544,26.18153],[89.65862,26.17654],[89.64924,26.16453],[89.63208,26.17199],[89.63699,26.17891],[89.63212,26.18084],[89.62392,26.17121],[89.62384,26.17922],[89.60871,26.18068],[89.61509,26.17598],[89.61117,26.1687],[89.61971,26.16819],[89.61009,26.16195],[89.61029,26.15395],[89.59983,26.16096],[89.59109,26.15732],[89.59785,26.15401],[89.59554,26.14],[89.60694,26.12578],[89.60123,26.12353],[89.6053,26.11721],[89.61234,26.12786],[89.62044,26.11983],[89.6263,26.12852],[89.63029,26.11852],[89.61406,26.1069],[89.59785,26.11307],[89.59671,26.09802],[89.60825,26.0885],[89.60943,26.09548],[89.61724,26.0948],[89.6139,26.1037],[89.62146,26.10043],[89.62404,26.10802],[89.63014,26.10695],[89.63934,26.09097],[89.63399,26.08011],[89.65,26.06448],[89.63172,26.06303],[89.61935,26.05352],[89.61773,26.06023],[89.60499,26.06329],[89.61322,26.05363],[89.59219,26.04491],[89.59766,26.03795],[89.58681,26.03842],[89.58528,26.02637],[89.57866,26.02636],[89.58511,25.976],[89.57634,25.98199],[89.57783,25.96938],[89.56884,25.96786],[89.56641,25.98037],[89.55759,25.96546],[89.54088,25.96963],[89.54162,25.98328],[89.53509,25.98899],[89.54817,26.0007],[89.51919,26.00887],[89.50907,26.00208],[89.4912,26.00605],[89.47249,25.97621],[89.48196,25.9618],[89.50102,25.97019],[89.50372,25.95901],[89.49663,25.95435],[89.5116,25.94412],[89.50975,25.93342],[89.51746,25.91753],[89.52951,25.9153],[89.5334,25.9002],[89.5443,25.89671],[89.54631,25.88863],[89.57089,25.88262],[89.55444,25.87726],[89.55228,25.86162],[89.52993,25.86556],[89.53575,25.82392],[89.52943,25.8141],[89.51677,25.82033],[89.51905,25.80545],[89.49229,25.8091],[89.49679,25.81304],[89.48862,25.81324],[89.47975,25.83472],[89.47036,25.82493],[89.46372,25.82951],[89.45475,25.82503],[89.45179,25.81746],[89.46282,25.82292],[89.4703,25.81875],[89.46979,25.81146],[89.45939,25.81217],[89.45792,25.78359],[89.46276,25.78625],[89.46943,25.77944],[89.48082,25.7531],[89.50042,25.74589],[89.49827,25.73017],[89.48495,25.7277],[89.49197,25.71343],[89.50825,25.7173],[89.51523,25.70695],[89.51869,25.64416],[89.53084,25.64892],[89.53079,25.65499],[89.54894,25.62597],[89.54814,25.60818],[89.53273,25.60061],[89.53632,25.59049],[89.56649,25.58457],[89.58734,25.55655],[89.61588,25.56918],[89.66749,25.5358],[89.69773,25.53365],[89.68135,25.51653],[89.6983,25.49619],[89.67003,25.48873],[89.68495,25.47447],[89.68338,25.46578],[89.70679,25.46721],[89.70033,25.43727],[89.6866,25.41467],[89.69926,25.41814],[89.70134,25.40216],[89.69449,25.39901],[89.70084,25.39011],[89.73971,25.39766],[89.73907,25.38914],[89.74778,25.38733],[89.74442,25.37399]]]]}},{"type":"Feature","properties":{"code":"16705992B21124734124900","name_en":"Kushtia"},"geometry":{"type":"Polygon","coordinates":[[[89.01726,23.70874],[89.02479,23.69558],[89.03745,23.69218],[89.05197,23.71454],[89.03741,23.72298],[89.04724,23.72792],[89.05989,23.71887],[89.07558,23.72669],[89.0646,23.73424],[89.05179,23.75819],[89.06491,23.77162],[89.0704,23.7702],[89.06874,23.75624],[89.08275,23.75805],[89.08284,23.74489],[89.09468,23.74157],[89.09852,23.72599],[89.11639,23.73415],[89.11177,23.70856],[89.11846,23.69383],[89.12804,23.72172],[89.15806,23.72232],[89.15878,23.73561],[89.17986,23.75005],[89.19702,23.74403],[89.21641,23.75988],[89.23191,23.7563],[89.25092,23.76375],[89.26635,23.7429],[89.29816,23.73602],[89.31576,23.74799],[89.32305,23.76641],[89.31044,23.76847],[89.31107,23.77616],[89.3302,23.77854],[89.32696,23.79527],[89.33646,23.82875],[89.35133,23.84113],[89.35152,23.86064],[89.36322,23.8701],[89.36077,23.88278],[89.34715,23.88922],[89.31238,23.87426],[89.30387,23.88878],[89.28365,23.89712],[89.27856,23.90604],[89.27099,23.87651],[89.26387,23.87866],[89.2585,23.88545],[89.26248,23.90971],[89.25133,23.93375],[89.23587,23.94599],[89.237,23.97289],[89.21651,23.97154],[89.21628,23.98849],[89.17766,23.98739],[89.17982,23.96335],[89.17005,23.95099],[89.14828,23.95056],[89.12695,23.96217],[89.09862,23.95986],[89.09605,23.97278],[89.07276,23.97788],[89.06281,23.98737],[89.02649,24.09174],[89.00668,24.11812],[88.94991,24.1251],[88.93971,24.13209],[88.92031,24.11839],[88.92272,24.12897],[88.91053,24.12561],[88.91167,24.11305],[88.87395,24.09917],[88.88319,24.10664],[88.88113,24.11523],[88.86207,24.10706],[88.84372,24.12588],[88.81735,24.12113],[88.78733,24.13301],[88.73342,24.19388],[88.73154,24.17172],[88.74639,24.14717],[88.7085,24.12009],[88.69714,24.12047],[88.69304,24.11132],[88.70078,24.10825],[88.70023,24.09443],[88.71717,24.1035],[88.7277,24.10092],[88.72355,24.06874],[88.73742,24.06203],[88.72683,24.05306],[88.73954,24.04574],[88.73506,24.03779],[88.74217,24.03343],[88.72881,23.99666],[88.75719,24.00668],[88.76898,23.98425],[88.73964,23.98463],[88.73448,23.96299],[88.76339,23.96931],[88.77856,23.94813],[88.78394,23.96956],[88.80071,23.97618],[88.80966,23.96666],[88.81421,23.92857],[88.82811,23.93851],[88.83904,23.93847],[88.86437,23.92252],[88.87341,23.90867],[88.87448,23.89237],[88.86332,23.88359],[88.83759,23.88027],[88.85277,23.87047],[88.872,23.87904],[88.88451,23.87498],[88.88184,23.86622],[88.86454,23.85372],[88.85896,23.83266],[88.89288,23.82734],[88.90727,23.83791],[88.92223,23.8164],[88.9111,23.78391],[88.9389,23.79639],[88.93762,23.80402],[88.94746,23.80109],[88.95761,23.80896],[88.97417,23.80154],[88.97666,23.78901],[88.99964,23.78199],[89.00546,23.78721],[88.98957,23.75221],[89.00633,23.74792],[89.00758,23.72278],[89.01726,23.70874]]]}},{"type":"Feature","properties":{"code":"16705992B31973889793084","name_en":"Lakshmipur"},"geometry":{"type":"MultiPolygon","coordinates":[[[[90.93211,22.49702],[90.97645,22.52198],[90.95111,22.54726],[90.89375,22.56028],[90.93211,22.49702]]],[[[90.77036,22.80937],[90.77383,22.82941],[90.76136,22.83616],[90.752,22.83227],[90.77036,22.80937]]],[[[90.64386,22.83671],[90.65634,22.84481],[90.65142,22.8481],[90.64386,22.83671]]],[[[90.70087,22.86539],[90.70134,22.86754],[90.69923,22.86822],[90.69901,22.86607],[90.70087,22.86539]]],[[[90.75565,22.86983],[90.74308,22.86953],[90.73927,22.85627],[90.75072,22.83478],[90.76086,22.83754],[90.77647,22.82868],[90.75565,22.86983]]],[[[90.72474,22.87341],[90.71857,22.87841],[90.72185,22.87285],[90.72489,22.8725],[90.72474,22.87341]]],[[[90.74941,22.87219],[90.75268,22.8747],[90.73974,22.88691],[90.73286,22.8735],[90.73642,22.86297],[90.74941,22.87219]]],[[[90.71473,22.88609],[90.7109,22.89477],[90.71312,22.88676],[90.71473,22.88609]]],[[[90.68459,22.9032],[90.68397,22.89523],[90.6974,22.89967],[90.68459,22.9032]]],[[[90.73409,22.89517],[90.72621,22.90797],[90.72379,22.90913],[90.72797,22.89974],[90.73409,22.89517]]],[[[90.72442,22.9108],[90.72425,22.91802],[90.72087,22.92195],[90.72031,22.91431],[90.72267,22.91076],[90.72442,22.9108]]],[[[90.68742,22.91843],[90.6829,22.92588],[90.67692,22.93136],[90.67907,22.92467],[90.68225,22.92352],[90.68506,22.91747],[90.68742,22.91843]]],[[[90.67692,22.93136],[90.67294,22.93778],[90.66635,22.94352],[90.66781,22.93969],[90.67692,22.93136]]],[[[90.67056,22.95788],[90.66585,22.96502],[90.66731,22.96012],[90.67056,22.95788]]],[[[90.64655,22.98437],[90.66895,22.96457],[90.72494,22.87858],[90.72146,22.8912],[90.72915,22.88167],[90.73615,22.89037],[90.71851,22.91579],[90.71634,22.94032],[90.73399,22.90228],[90.78152,22.83537],[90.7787,22.78453],[90.78513,22.76911],[90.84667,22.67299],[90.89077,22.66024],[90.94543,22.61489],[91.01741,22.56818],[91.01179,22.6069],[90.98841,22.63932],[91.00091,22.66556],[91.01706,22.67895],[91.00986,22.70524],[90.98083,22.7154],[90.9813,22.75398],[90.88995,22.81102],[90.92668,22.81393],[90.93191,22.8283],[90.94539,22.83767],[90.94292,22.86223],[90.95543,22.85928],[90.95614,22.86591],[90.9691,22.86469],[90.98303,22.8748],[90.98141,22.89198],[90.99129,22.90306],[90.98254,22.91033],[90.98699,22.91537],[90.98131,22.91619],[90.99137,22.93087],[90.98893,22.93969],[90.99989,22.94936],[91.00124,22.95929],[90.99469,22.96145],[90.99885,22.97741],[90.98848,22.9786],[90.98637,22.97201],[90.97667,22.98409],[90.96601,22.97937],[90.94428,22.99814],[90.94374,22.9904],[90.93343,22.9867],[90.92663,23.00598],[90.91901,23.00654],[90.92074,23.01398],[90.89779,23.01174],[90.88663,23.02556],[90.8975,23.03917],[90.90678,23.03462],[90.90618,23.04187],[90.91881,23.0419],[90.89896,23.0715],[90.91908,23.0655],[90.91139,23.07976],[90.92918,23.08047],[90.93083,23.09073],[90.94528,23.08584],[90.94152,23.10149],[90.95355,23.11297],[90.95312,23.12609],[90.96185,23.13104],[90.95542,23.14598],[90.91211,23.14781],[90.91368,23.15642],[90.90206,23.15258],[90.90197,23.16231],[90.89149,23.17197],[90.86805,23.17353],[90.84657,23.16695],[90.85106,23.15414],[90.83933,23.14823],[90.8363,23.13815],[90.82134,23.13346],[90.81515,23.12214],[90.79599,23.11808],[90.792,23.07815],[90.76963,23.07719],[90.75205,23.06755],[90.7546,23.05987],[90.7309,23.0419],[90.69344,23.06279],[90.66265,23.05095],[90.66662,23.03147],[90.6578,23.02339],[90.66968,23.01545],[90.66082,23.01321],[90.66284,23.00762],[90.64655,22.98437]]]]}},{"type":"Feature","properties":{"code":"16705992B84214314165922","name_en":"Lalmonirhat"},"geometry":{"type":"MultiPolygon","coordinates":[[[[89.40217,26.0935],[89.3979,26.09436],[89.39574,26.08331],[89.41327,26.08208],[89.41162,26.07721],[89.42122,26.08077],[89.42018,26.08852],[89.40217,26.0935]]],[[[89.4232,26.10616],[89.41439,26.09943],[89.42691,26.09848],[89.4232,26.10616]]],[[[89.1809,26.24517],[89.18027,26.2393],[89.18723,26.2432],[89.1809,26.24517]]],[[[89.01251,26.26576],[89.00442,26.26545],[89.00404,26.2556],[89.00111,26.26316],[88.99886,26.25297],[89.00571,26.24987],[89.01251,26.26576]]],[[[89.14201,26.26953],[89.13581,26.27124],[89.13332,26.26199],[89.14553,26.2475],[89.14259,26.24179],[89.15639,26.23786],[89.15258,26.24563],[89.15976,26.25075],[89.16316,26.23932],[89.15781,26.23477],[89.17089,26.24034],[89.16633,26.25163],[89.16743,26.2593],[89.17392,26.25714],[89.17163,26.26331],[89.15317,26.266],[89.15035,26.24975],[89.14883,26.25516],[89.14014,26.2552],[89.13988,26.26213],[89.14755,26.26227],[89.14201,26.26953]]],[[[89.02773,26.27332],[89.02374,26.26628],[89.03284,26.2563],[89.03679,26.26428],[89.02773,26.27332]]],[[[89.00041,26.27754],[89.00013,26.28366],[88.99294,26.28011],[89.00041,26.27754]]],[[[89.11493,26.28491],[89.11196,26.27624],[89.11871,26.28124],[89.11493,26.28491]]],[[[89.13018,26.29277],[89.12944,26.29179],[89.1316,26.29115],[89.13161,26.29273],[89.13018,26.29277]]],[[[89.13293,26.29479],[89.13492,26.29579],[89.13451,26.29796],[89.13097,26.29671],[89.13293,26.29479]]],[[[89.14702,26.30184],[89.14654,26.30444],[89.14384,26.30268],[89.14382,26.30166],[89.14702,26.30184]]],[[[88.9278,26.33549],[88.92133,26.33553],[88.92384,26.32754],[88.91812,26.32566],[88.93071,26.30742],[88.92539,26.29396],[88.95446,26.27472],[88.98151,26.28306],[88.9836,26.29958],[88.96084,26.29504],[88.96391,26.30414],[88.95342,26.30363],[88.95646,26.30912],[88.94903,26.31845],[88.93756,26.31299],[88.94168,26.33094],[88.9278,26.33549]]],[[[88.94125,26.35522],[88.93813,26.35471],[88.93863,26.35088],[88.94259,26.35248],[88.94125,26.35522]]],[[[89.07596,26.40121],[89.07497,26.40557],[89.07246,26.4034],[89.07241,26.40116],[89.07596,26.40121]]],[[[89.06871,26.40167],[89.0671,26.40611],[89.06595,26.40191],[89.06871,26.40167]]],[[[89.05809,26.40119],[89.05926,26.40426],[89.05596,26.40795],[89.05416,26.40753],[89.05585,26.40173],[89.05809,26.40119]]],[[[89.48124,25.99754],[89.46159,25.99846],[89.42742,26.01324],[89.4339,26.03053],[89.42378,26.04701],[89.40739,26.04161],[89.40313,26.02767],[89.39081,26.02304],[89.39244,26.00723],[89.34849,26.01048],[89.34421,26.0133],[89.34917,26.01624],[89.33447,26.02009],[89.33858,26.02341],[89.32586,26.03663],[89.3155,26.03726],[89.30037,26.05052],[89.29658,26.04542],[89.27567,26.04918],[89.28098,26.06569],[89.27082,26.06002],[89.25435,26.06421],[89.2568,26.08016],[89.26679,26.09245],[89.25155,26.09146],[89.25172,26.10132],[89.2415,26.10584],[89.24202,26.11306],[89.22918,26.11668],[89.22936,26.12396],[89.20284,26.12936],[89.19291,26.12387],[89.15532,26.13871],[89.14845,26.15819],[89.15722,26.16329],[89.14096,26.16939],[89.13454,26.18126],[89.14898,26.21035],[89.14207,26.21464],[89.13935,26.23814],[89.11979,26.25273],[89.12516,26.26356],[89.10602,26.27396],[89.10597,26.28118],[89.10005,26.27957],[89.10708,26.29175],[89.10732,26.29933],[89.0992,26.30412],[89.10469,26.31593],[89.12191,26.28759],[89.13241,26.29882],[89.12516,26.30545],[89.13594,26.30751],[89.1295,26.31314],[89.13624,26.32022],[89.11267,26.31851],[89.10997,26.32536],[89.10045,26.32341],[89.09673,26.32932],[89.09185,26.32042],[89.08374,26.3223],[89.10129,26.33663],[89.09331,26.35304],[89.09828,26.35903],[89.07966,26.36294],[89.08836,26.36579],[89.0957,26.39153],[89.07992,26.39159],[89.08727,26.39776],[89.07375,26.39127],[89.07478,26.39607],[89.063,26.40084],[89.0578,26.39545],[89.03939,26.40029],[89.03351,26.39553],[89.02997,26.40711],[89.01935,26.40423],[89.02171,26.41417],[89.00717,26.41283],[89.00588,26.42152],[88.99368,26.42307],[88.9984,26.41328],[88.99397,26.4129],[88.98069,26.42536],[88.98321,26.44659],[88.9558,26.4603],[88.96522,26.45198],[88.94613,26.44804],[88.95126,26.43511],[88.94472,26.42568],[88.92615,26.43216],[88.93361,26.42662],[88.92295,26.42342],[88.93122,26.41427],[88.92651,26.40689],[88.90394,26.40813],[88.91802,26.40088],[88.91645,26.38496],[88.90904,26.38014],[88.92134,26.3773],[88.9113,26.37267],[88.91188,26.3662],[88.92,26.36633],[88.91849,26.35997],[88.92596,26.36485],[88.94767,26.35596],[88.95042,26.36632],[88.95839,26.36177],[88.9461,26.34398],[88.95899,26.34365],[88.9517,26.34271],[88.95593,26.33011],[88.96349,26.33856],[88.96135,26.3524],[88.98769,26.34721],[88.98998,26.33858],[88.98175,26.3411],[88.98479,26.33403],[89.0009,26.32986],[88.99148,26.32244],[88.99488,26.31334],[88.985,26.31815],[88.98287,26.31018],[88.98487,26.30064],[88.99753,26.29973],[88.99566,26.29034],[89.00666,26.30443],[89.01683,26.28949],[89.02001,26.29373],[89.01427,26.30034],[89.02111,26.30918],[89.0263,26.3063],[89.0197,26.2899],[89.04073,26.28587],[89.03982,26.27662],[89.04812,26.27987],[89.05035,26.28808],[89.04729,26.28272],[89.04206,26.29011],[89.04635,26.29573],[89.05859,26.29334],[89.06209,26.27807],[89.0543,26.27636],[89.06292,26.27024],[89.06233,26.25373],[89.05194,26.25611],[89.05062,26.24177],[89.02747,26.24773],[89.01722,26.23801],[89.02204,26.22796],[89.03613,26.22037],[89.03305,26.20365],[89.0193,26.19134],[89.02831,26.1891],[89.03334,26.17866],[89.03741,26.18189],[89.03725,26.17441],[89.05702,26.16791],[89.07292,26.17055],[89.09795,26.14628],[89.1016,26.12037],[89.09034,26.1153],[89.089,26.09974],[89.08913,26.08875],[89.09943,26.07623],[89.09035,26.05993],[89.09762,26.03619],[89.09349,26.03372],[89.10158,26.02722],[89.11223,25.9936],[89.15636,25.95358],[89.1795,25.95271],[89.19205,25.94261],[89.20058,25.9456],[89.23483,25.90467],[89.25891,25.89754],[89.26408,25.8904],[89.27931,25.89664],[89.29136,25.88998],[89.30547,25.86676],[89.3348,25.85036],[89.33444,25.83751],[89.3475,25.82806],[89.34751,25.82111],[89.37061,25.81751],[89.3713,25.81003],[89.38572,25.79807],[89.42939,25.79518],[89.42946,25.7883],[89.45523,25.78391],[89.46086,25.78922],[89.45939,25.81217],[89.47187,25.81286],[89.46282,25.82292],[89.45179,25.81746],[89.45475,25.82503],[89.46372,25.82951],[89.47036,25.82493],[89.48277,25.83402],[89.48862,25.81324],[89.49679,25.81304],[89.49229,25.8091],[89.51905,25.80545],[89.51677,25.82033],[89.52943,25.8141],[89.53575,25.82392],[89.52993,25.86556],[89.55228,25.86162],[89.55444,25.87726],[89.57089,25.88262],[89.54631,25.88863],[89.5443,25.89671],[89.5334,25.9002],[89.52951,25.9153],[89.51746,25.91753],[89.50975,25.93342],[89.5116,25.94412],[89.49663,25.95435],[89.50372,25.95901],[89.50102,25.97019],[89.48196,25.9618],[89.47249,25.97621],[89.48124,25.99754]],[[89.02539,26.24059],[89.02202,26.24267],[89.02587,26.24268],[89.02539,26.24059]]]]}},{"type":"Feature","properties":{"code":"16705992B87985099055959","name_en":"Madaripur"},"geometry":{"type":"Polygon","coordinates":[[[90.34879,23.05675],[90.33616,23.06961],[90.35138,23.09312],[90.35316,23.11478],[90.3463,23.11864],[90.3545,23.13895],[90.30922,23.13226],[90.30799,23.14475],[90.29241,23.14541],[90.28377,23.1972],[90.27364,23.19587],[90.26594,23.20975],[90.24719,23.21653],[90.25031,23.23498],[90.2418,23.23102],[90.23916,23.25366],[90.22765,23.26345],[90.24402,23.31684],[90.2279,23.33269],[90.24717,23.34316],[90.24838,23.34939],[90.2327,23.36202],[90.24536,23.37759],[90.26446,23.37925],[90.24121,23.39412],[90.22403,23.39671],[90.22055,23.41138],[90.23814,23.41725],[90.24523,23.42762],[90.2712,23.4269],[90.28138,23.44651],[90.182,23.49804],[90.16519,23.48984],[90.15745,23.46632],[90.14144,23.47538],[90.13519,23.4652],[90.1089,23.45366],[90.11093,23.43155],[90.09311,23.41215],[90.11166,23.41118],[90.09562,23.40176],[90.0955,23.38615],[90.10125,23.382],[90.08781,23.36692],[90.08405,23.34915],[90.09847,23.34284],[90.10228,23.33334],[90.09158,23.32646],[90.09276,23.31231],[90.06759,23.30519],[90.04014,23.33866],[90.0311,23.33753],[90.03302,23.31464],[90.02513,23.30456],[90.02123,23.27513],[90.03129,23.26428],[90.02283,23.25566],[90.02343,23.24043],[90.01785,23.23041],[90.00933,23.2347],[89.9965,23.2168],[89.98473,23.21823],[89.9773,23.1819],[89.97142,23.18105],[89.96658,23.16461],[89.9491,23.1623],[89.94284,23.15562],[89.93613,23.11806],[89.98422,23.11049],[89.99283,23.13194],[90.01204,23.13878],[90.01368,23.12922],[90.04414,23.1213],[90.0424,23.10563],[90.08084,23.12602],[90.07957,23.11317],[90.10907,23.1174],[90.1188,23.10909],[90.11012,23.10284],[90.10838,23.07687],[90.13164,23.07065],[90.11043,23.06639],[90.12069,23.02709],[90.12616,23.02736],[90.13309,23.04973],[90.15504,23.05265],[90.16497,23.06762],[90.20086,23.05379],[90.20301,23.0632],[90.21377,23.0699],[90.23672,23.04469],[90.22989,22.97949],[90.2385,22.96605],[90.24744,22.97464],[90.25763,22.974],[90.25719,22.96432],[90.27603,22.97399],[90.31988,22.98146],[90.32945,23.00735],[90.31447,23.03534],[90.31575,23.05288],[90.34879,23.05675]]]}},{"type":"Feature","properties":{"code":"16705992B78415132034426","name_en":"Magura"},"geometry":{"type":"Polygon","coordinates":[[[89.49732,23.57906],[89.48423,23.59276],[89.47061,23.59713],[89.48218,23.62003],[89.48021,23.62745],[89.43975,23.64034],[89.43951,23.65885],[89.41201,23.68154],[89.3857,23.67651],[89.37516,23.66471],[89.36649,23.66412],[89.37673,23.6635],[89.35498,23.639],[89.34093,23.58889],[89.34498,23.57857],[89.33793,23.56804],[89.32312,23.56515],[89.31426,23.54482],[89.3054,23.54017],[89.30317,23.5124],[89.30916,23.50665],[89.29805,23.49755],[89.30696,23.48234],[89.303,23.45503],[89.28281,23.43802],[89.25681,23.44108],[89.25605,23.43371],[89.2712,23.42822],[89.25506,23.41469],[89.26089,23.40907],[89.2498,23.40364],[89.25237,23.39553],[89.24596,23.39254],[89.25037,23.38255],[89.24403,23.37723],[89.27506,23.3683],[89.27292,23.35579],[89.28441,23.34938],[89.28271,23.34022],[89.30052,23.33025],[89.30812,23.31821],[89.31866,23.32396],[89.32227,23.29953],[89.33673,23.30352],[89.34362,23.28388],[89.36852,23.30224],[89.37363,23.28956],[89.4184,23.2679],[89.42557,23.25872],[89.45505,23.25722],[89.46365,23.28398],[89.48029,23.28492],[89.47905,23.29945],[89.49815,23.29529],[89.52448,23.27818],[89.53425,23.30318],[89.556,23.30849],[89.56014,23.32039],[89.60464,23.32103],[89.60447,23.31221],[89.61765,23.30444],[89.64536,23.29855],[89.62221,23.30934],[89.60326,23.34129],[89.60802,23.36979],[89.59941,23.37916],[89.61759,23.38682],[89.60685,23.4208],[89.60596,23.47269],[89.5724,23.49807],[89.52608,23.51311],[89.51002,23.50924],[89.50762,23.47819],[89.49704,23.47464],[89.49022,23.4826],[89.48973,23.49989],[89.50031,23.51975],[89.51861,23.52954],[89.53289,23.52889],[89.5375,23.53606],[89.52304,23.55055],[89.49951,23.55778],[89.49732,23.57906]]]}},{"type":"Feature","properties":{"code":"16705992B79131283702140","name_en":"Manikganj"},"geometry":{"type":"Polygon","coordinates":[[[90.00759,24.01136],[90.00903,24.00322],[89.99021,23.9991],[89.98852,24.00944],[89.97715,24.0119],[89.97662,24.01756],[89.98541,24.01861],[89.98074,24.03273],[89.97211,24.03604],[89.96687,24.0144],[89.95876,24.01532],[89.94844,24.02827],[89.9474,24.01662],[89.93871,24.01182],[89.94723,24.00433],[89.93136,23.99592],[89.93704,24.00654],[89.91386,23.9945],[89.90705,23.99863],[89.90552,23.988],[89.88927,23.9798],[89.89292,23.9701],[89.88152,23.97106],[89.8765,23.99417],[89.86635,23.99162],[89.86896,23.97133],[89.85539,23.96359],[89.82661,23.9813],[89.80622,23.97308],[89.80351,23.97927],[89.7927,23.97912],[89.79327,23.98691],[89.7868,23.98733],[89.77405,23.97353],[89.76437,23.97823],[89.77667,23.98753],[89.78563,24.00985],[89.7852,24.03525],[89.76613,24.02373],[89.73332,24.01963],[89.71129,24.00728],[89.6934,23.9873],[89.69277,23.94273],[89.68393,23.93936],[89.6845,23.92525],[89.69542,23.92392],[89.70231,23.89552],[89.69696,23.86661],[89.70383,23.8771],[89.73274,23.83537],[89.77094,23.83329],[89.78091,23.7977],[89.85518,23.73108],[89.8977,23.67369],[89.92085,23.66847],[89.93809,23.65387],[90.0077,23.63494],[90.00716,23.64471],[90.01985,23.65606],[90.01829,23.671],[90.03711,23.68272],[90.03667,23.69526],[90.04261,23.6947],[90.03676,23.70048],[90.04201,23.71282],[90.05108,23.713],[90.05281,23.72653],[90.06964,23.72675],[90.08068,23.71691],[90.08426,23.72935],[90.10084,23.73008],[90.10806,23.72808],[90.10517,23.71883],[90.1147,23.71716],[90.12382,23.73456],[90.14613,23.74814],[90.15694,23.74537],[90.15899,23.72605],[90.17639,23.72625],[90.1884,23.71656],[90.20532,23.72606],[90.22385,23.70953],[90.25568,23.71559],[90.21856,23.74831],[90.23654,23.77974],[90.24114,23.77817],[90.24766,23.80973],[90.2454,23.83895],[90.2396,23.83212],[90.21868,23.84017],[90.20355,23.83798],[90.20383,23.8306],[90.18541,23.8183],[90.17532,23.82212],[90.17194,23.81794],[90.17188,23.8278],[90.16083,23.833],[90.15088,23.82795],[90.14627,23.84448],[90.11605,23.87558],[90.108,23.89578],[90.09312,23.90117],[90.08576,23.91138],[90.06833,23.90826],[90.06664,23.91686],[90.07472,23.92582],[90.06688,23.92847],[90.06352,23.95095],[90.07424,23.95984],[90.05061,23.96062],[90.03801,23.97172],[90.04433,23.97357],[90.03884,23.98259],[90.05643,23.99956],[90.04506,23.99599],[90.04297,24.00455],[90.02487,24.00541],[90.02213,24.01482],[90.01348,24.00761],[90.00759,24.01136]]]}},{"type":"Feature","properties":{"code":"16705992B62450131352427","name_en":"Maulvibazar"},"geometry":{"type":"Polygon","coordinates":[[[91.64519,24.174],[91.64668,24.17876],[91.65503,24.17581],[91.66007,24.18967],[91.65253,24.19603],[91.6482,24.21949],[91.66534,24.23366],[91.66691,24.21066],[91.67662,24.20076],[91.6882,24.16222],[91.70328,24.16368],[91.70601,24.15441],[91.72169,24.15262],[91.72833,24.14341],[91.75918,24.14157],[91.74497,24.24709],[91.79138,24.21988],[91.80601,24.22084],[91.81619,24.21011],[91.83781,24.21889],[91.83695,24.22571],[91.84573,24.22505],[91.84298,24.22038],[91.84925,24.22134],[91.84568,24.21752],[91.85509,24.21321],[91.8419,24.20148],[91.84798,24.18496],[91.87391,24.17462],[91.87512,24.15526],[91.88456,24.13876],[91.9057,24.13882],[91.91447,24.15377],[91.91132,24.16831],[91.94074,24.26824],[91.9199,24.3376],[91.94127,24.34272],[91.95667,24.35682],[91.96892,24.35028],[91.96584,24.34685],[91.97704,24.32757],[91.99586,24.32218],[91.99678,24.33694],[91.97807,24.35751],[91.98457,24.36101],[91.97736,24.373],[91.96712,24.37904],[91.97035,24.38466],[91.98569,24.377],[91.9965,24.39388],[92.00731,24.38154],[92.01999,24.38669],[92.04396,24.37499],[92.09033,24.37177],[92.10197,24.38293],[92.12182,24.38239],[92.11884,24.39016],[92.1349,24.40697],[92.1367,24.4251],[92.14763,24.42117],[92.15363,24.42571],[92.16446,24.41903],[92.16904,24.42791],[92.1504,24.49537],[92.15904,24.50733],[92.1534,24.51218],[92.15813,24.51534],[92.15486,24.52312],[92.1694,24.53188],[92.21253,24.50377],[92.23103,24.53102],[92.23529,24.59764],[92.25434,24.67818],[92.29588,24.73663],[92.27896,24.74572],[92.28886,24.76116],[92.28015,24.76633],[92.28883,24.78463],[92.27304,24.80032],[92.27299,24.82757],[92.24901,24.82987],[92.24857,24.83599],[92.23734,24.83128],[92.24355,24.81952],[92.21314,24.81321],[92.21138,24.80526],[92.20335,24.80249],[92.20087,24.80697],[92.19343,24.79843],[92.19828,24.77811],[92.19408,24.76844],[92.17446,24.77348],[92.1271,24.7603],[92.11652,24.76547],[92.09936,24.75662],[92.09293,24.76486],[92.07827,24.76643],[92.07726,24.74921],[92.08423,24.74696],[92.08047,24.72355],[92.0633,24.71836],[92.0577,24.72863],[92.05965,24.71021],[92.0488,24.69728],[92.03927,24.70011],[92.03973,24.70679],[92.02572,24.69716],[92.0351,24.68738],[92.02898,24.65233],[91.99508,24.65511],[91.98383,24.64391],[91.96666,24.63892],[91.96381,24.64573],[91.93344,24.65511],[91.93108,24.66177],[91.9228,24.65245],[91.90323,24.66365],[91.90235,24.65194],[91.89018,24.64608],[91.8846,24.657],[91.86613,24.65742],[91.84652,24.64443],[91.83975,24.65251],[91.8282,24.65359],[91.80008,24.63755],[91.79482,24.64625],[91.78364,24.6433],[91.78121,24.62653],[91.77121,24.62561],[91.75015,24.59892],[91.72711,24.59344],[91.68424,24.60612],[91.67504,24.6312],[91.66159,24.62788],[91.6676,24.60713],[91.66139,24.59242],[91.63307,24.59526],[91.63158,24.58849],[91.62121,24.60188],[91.61184,24.59394],[91.60983,24.58301],[91.62244,24.59014],[91.62972,24.58742],[91.6242,24.5781],[91.63152,24.5775],[91.63482,24.56479],[91.64389,24.56621],[91.64117,24.55647],[91.65446,24.54628],[91.63526,24.54402],[91.63998,24.53565],[91.63199,24.52625],[91.63543,24.51978],[91.62069,24.51752],[91.61344,24.50184],[91.60965,24.47993],[91.61392,24.46354],[91.60741,24.44176],[91.61787,24.43951],[91.62069,24.41736],[91.60164,24.41546],[91.60321,24.36265],[91.62479,24.36395],[91.62046,24.3605],[91.63119,24.33493],[91.63152,24.31119],[91.61397,24.28591],[91.6188,24.25799],[91.61289,24.25026],[91.61538,24.23263],[91.64519,24.174]]]}},{"type":"Feature","properties":{"code":"16705992B11914188004823","name_en":"Meherpur"},"geometry":{"type":"Polygon","coordinates":[[[88.85896,23.83266],[88.86454,23.85372],[88.88184,23.86622],[88.88451,23.87498],[88.872,23.87904],[88.85277,23.87047],[88.83759,23.88027],[88.86332,23.88359],[88.87448,23.89237],[88.87341,23.90867],[88.86437,23.92252],[88.83904,23.93847],[88.82811,23.93851],[88.81421,23.92857],[88.80966,23.96666],[88.80071,23.97618],[88.78394,23.96956],[88.77856,23.94813],[88.76339,23.96931],[88.73448,23.96299],[88.73335,23.95747],[88.74242,23.95115],[88.74312,23.92975],[88.73489,23.93352],[88.73338,23.91108],[88.70632,23.9164],[88.6995,23.91106],[88.70415,23.89928],[88.68837,23.90157],[88.68271,23.8888],[88.66424,23.8825],[88.66754,23.8696],[88.65414,23.86557],[88.63738,23.87164],[88.62593,23.86528],[88.62536,23.875],[88.61672,23.87679],[88.60873,23.87287],[88.60847,23.86308],[88.58401,23.8697],[88.58246,23.86262],[88.57534,23.86244],[88.57641,23.85503],[88.59121,23.85286],[88.58698,23.82954],[88.60203,23.81651],[88.59418,23.80905],[88.58507,23.81374],[88.59612,23.80556],[88.59156,23.79764],[88.58128,23.79716],[88.57748,23.78641],[88.55577,23.78445],[88.57919,23.77511],[88.58037,23.75804],[88.56973,23.74781],[88.57657,23.73309],[88.56471,23.71317],[88.57382,23.66675],[88.55819,23.64925],[88.56216,23.63718],[88.59371,23.64091],[88.59378,23.61699],[88.58527,23.61656],[88.58003,23.60306],[88.59716,23.60207],[88.60623,23.6105],[88.60146,23.60698],[88.60835,23.6051],[88.60491,23.60039],[88.63705,23.60688],[88.63492,23.61516],[88.64849,23.62326],[88.6427,23.63076],[88.65418,23.65039],[88.67993,23.64811],[88.6865,23.65967],[88.69362,23.65476],[88.69694,23.66525],[88.73798,23.68403],[88.74652,23.69488],[88.77378,23.69977],[88.78411,23.71739],[88.77884,23.73256],[88.7865,23.74234],[88.78848,23.76749],[88.79311,23.77265],[88.8177,23.77097],[88.83212,23.81428],[88.84365,23.82045],[88.84901,23.83181],[88.85896,23.83266]]]}},{"type":"Feature","properties":{"code":"16705992B99884694518333","name_en":"Munshiganj"},"geometry":{"type":"Polygon","coordinates":[[[90.68775,23.49248],[90.70733,23.5027],[90.71083,23.51567],[90.70055,23.52516],[90.68728,23.55737],[90.66937,23.57106],[90.647,23.57599],[90.64728,23.58915],[90.66672,23.58926],[90.65305,23.6204],[90.62995,23.62082],[90.60834,23.60029],[90.57348,23.59733],[90.5605,23.58938],[90.55935,23.57384],[90.57937,23.53984],[90.57457,23.53387],[90.56492,23.53439],[90.54532,23.56053],[90.51832,23.57308],[90.48459,23.57041],[90.44825,23.55051],[90.42905,23.56629],[90.43975,23.57825],[90.44001,23.59698],[90.39047,23.64986],[90.36826,23.65265],[90.34526,23.63697],[90.28618,23.67386],[90.26821,23.65307],[90.24961,23.65448],[90.24729,23.63349],[90.24086,23.6331],[90.2262,23.61355],[90.22125,23.59555],[90.20877,23.58916],[90.20461,23.56504],[90.19221,23.55938],[90.18576,23.56293],[90.17716,23.55576],[90.18159,23.5414],[90.17645,23.52685],[90.15826,23.52215],[90.182,23.49804],[90.24766,23.46149],[90.28138,23.44651],[90.30174,23.45161],[90.32209,23.43781],[90.36022,23.43],[90.38858,23.41056],[90.39574,23.41139],[90.40392,23.40005],[90.41052,23.40515],[90.42174,23.40129],[90.42217,23.40672],[90.43255,23.40883],[90.43196,23.41631],[90.44872,23.41532],[90.4987,23.40436],[90.53869,23.37935],[90.54187,23.39917],[90.57762,23.45149],[90.57751,23.47039],[90.58428,23.48059],[90.57716,23.4851],[90.57613,23.49571],[90.60141,23.49807],[90.61303,23.49043],[90.64132,23.5037],[90.67096,23.49072],[90.68775,23.49248]]]}},{"type":"Feature","properties":{"code":"16705992B54511139091050","name_en":"Mymensingh"},"geometry":{"type":"Polygon","coordinates":[[[90.64929,24.25799],[90.64085,24.30653],[90.61792,24.33919],[90.63914,24.37731],[90.64601,24.41645],[90.6336,24.4351],[90.58744,24.44807],[90.57889,24.45858],[90.57377,24.48213],[90.58824,24.49691],[90.6043,24.4991],[90.63188,24.47871],[90.63796,24.48103],[90.63684,24.47554],[90.64826,24.47781],[90.66324,24.46703],[90.67823,24.467],[90.67806,24.48128],[90.68539,24.48851],[90.68216,24.50228],[90.70327,24.51774],[90.70464,24.50024],[90.71564,24.49138],[90.72189,24.47102],[90.73609,24.48607],[90.74284,24.50967],[90.75326,24.50316],[90.75752,24.51273],[90.79416,24.50804],[90.79239,24.51842],[90.8052,24.53118],[90.80427,24.54649],[90.80976,24.54177],[90.81517,24.56059],[90.80994,24.56565],[90.82199,24.58062],[90.81997,24.58802],[90.81582,24.58141],[90.80556,24.5866],[90.80718,24.58034],[90.79252,24.57782],[90.79567,24.58395],[90.78877,24.58485],[90.79602,24.59546],[90.79404,24.60586],[90.78307,24.60752],[90.77609,24.61672],[90.77301,24.60875],[90.75696,24.61047],[90.75825,24.6374],[90.74388,24.6376],[90.74066,24.64912],[90.72957,24.65328],[90.72202,24.64919],[90.70417,24.66706],[90.70063,24.67568],[90.70898,24.69284],[90.70475,24.70021],[90.69585,24.7001],[90.69552,24.71412],[90.7086,24.72992],[90.72434,24.73157],[90.72169,24.7426],[90.7148,24.74303],[90.71534,24.75252],[90.69532,24.75836],[90.6984,24.7745],[90.70976,24.7672],[90.72271,24.7743],[90.71864,24.78244],[90.70556,24.78663],[90.70826,24.8014],[90.67105,24.80324],[90.64874,24.79149],[90.64041,24.7988],[90.62464,24.79546],[90.60812,24.81433],[90.58205,24.81164],[90.5787,24.82215],[90.5634,24.81162],[90.58796,24.8346],[90.58821,24.84194],[90.57886,24.84431],[90.5734,24.83848],[90.55927,24.84347],[90.57231,24.85646],[90.56836,24.88525],[90.5413,24.88532],[90.53459,24.89158],[90.54113,24.90703],[90.53371,24.92703],[90.54413,24.93708],[90.52558,24.94229],[90.53105,24.94586],[90.52882,24.95269],[90.51638,24.94614],[90.51278,24.96043],[90.52306,24.97932],[90.51645,24.97701],[90.51099,24.98685],[90.50349,24.98487],[90.503,25.00212],[90.49272,25.00274],[90.50411,25.01679],[90.49475,25.01965],[90.50066,25.03187],[90.50607,25.02981],[90.50681,25.01763],[90.51114,25.03027],[90.51767,25.02373],[90.52401,25.02992],[90.53815,25.01214],[90.54686,25.02325],[90.53321,25.03294],[90.54514,25.03245],[90.54992,25.04176],[90.58548,25.02678],[90.591,25.03396],[90.60693,25.02849],[90.60244,25.03212],[90.60752,25.03407],[90.60483,25.05143],[90.61275,25.05359],[90.60414,25.0618],[90.60741,25.07018],[90.59744,25.07035],[90.58845,25.05873],[90.59543,25.07647],[90.58689,25.08323],[90.60384,25.10369],[90.59923,25.1084],[90.61086,25.12957],[90.60552,25.14048],[90.6163,25.15871],[90.61404,25.17421],[90.60935,25.17919],[90.57595,25.17176],[90.50901,25.17544],[90.50983,25.16952],[90.49899,25.17228],[90.48583,25.16119],[90.44098,25.14463],[90.40441,25.16005],[90.37054,25.16293],[90.33018,25.19389],[90.31036,25.18888],[90.26805,25.19851],[90.26003,25.17073],[90.26984,25.1383],[90.26522,25.13636],[90.26243,25.09828],[90.2773,25.09364],[90.28525,25.08236],[90.29748,25.0908],[90.30484,25.07908],[90.2843,25.07874],[90.28632,25.067],[90.27476,25.05458],[90.26381,25.05164],[90.25857,25.06311],[90.24919,25.06232],[90.23225,25.04217],[90.24109,25.00821],[90.22642,24.97121],[90.23457,24.96424],[90.23737,24.96956],[90.24322,24.9674],[90.24116,24.96256],[90.25492,24.9574],[90.25777,24.94552],[90.2321,24.94456],[90.24558,24.92541],[90.23574,24.88618],[90.22225,24.881],[90.19493,24.88526],[90.20077,24.87485],[90.18227,24.86503],[90.19785,24.86544],[90.20016,24.8592],[90.18599,24.85452],[90.18754,24.84351],[90.18024,24.83983],[90.18944,24.82833],[90.16956,24.82725],[90.15882,24.81277],[90.15802,24.79222],[90.14314,24.78941],[90.13986,24.77964],[90.12248,24.79003],[90.10305,24.78252],[90.08911,24.78996],[90.07578,24.78787],[90.0916,24.76851],[90.09196,24.75773],[90.09803,24.75631],[90.0885,24.75181],[90.09038,24.73719],[90.1328,24.73422],[90.1266,24.71787],[90.14807,24.63463],[90.14424,24.6236],[90.13056,24.61788],[90.12474,24.59631],[90.13989,24.57557],[90.15081,24.57473],[90.14602,24.56756],[90.15239,24.55001],[90.16126,24.53669],[90.16935,24.53766],[90.17434,24.51784],[90.18668,24.52292],[90.19202,24.51405],[90.20886,24.50869],[90.20363,24.50165],[90.20708,24.49733],[90.2139,24.49967],[90.22728,24.48322],[90.23585,24.48679],[90.24359,24.48127],[90.22274,24.46165],[90.20965,24.45964],[90.22925,24.41993],[90.24901,24.41527],[90.22884,24.34757],[90.23365,24.33478],[90.2479,24.3333],[90.25696,24.29691],[90.26503,24.28871],[90.28113,24.2872],[90.2905,24.27777],[90.32536,24.29919],[90.34765,24.29382],[90.35928,24.30014],[90.35664,24.2879],[90.3625,24.281],[90.37938,24.29053],[90.39283,24.28161],[90.40242,24.28269],[90.40936,24.29669],[90.42812,24.3102],[90.42643,24.33049],[90.44304,24.34114],[90.45796,24.3389],[90.4876,24.31415],[90.52901,24.30329],[90.52106,24.2877],[90.54627,24.2745],[90.54421,24.26607],[90.57291,24.24645],[90.62183,24.26856],[90.64929,24.25799]]]}},{"type":"Feature","properties":{"code":"16705992B34203284467157","name_en":"Naogaon"},"geometry":{"type":"Polygon","coordinates":[[[88.99003,24.85944],[88.99452,24.86822],[88.99053,24.87845],[89.00752,24.89921],[88.99978,24.90974],[89.00427,24.93087],[89.00002,24.97272],[89.01207,24.98229],[89.00928,25.0081],[89.01783,25.01796],[89.00926,25.02123],[89.0187,25.02624],[89.00953,25.03634],[89.01653,25.04729],[89.00165,25.05148],[88.99676,25.0456],[88.98224,25.05565],[88.95353,25.05564],[88.9557,25.02888],[88.94084,25.04148],[88.94459,25.05753],[88.93775,25.05786],[88.93106,25.07214],[88.9415,25.09785],[88.94031,25.11416],[88.92109,25.13185],[88.92877,25.14032],[88.91957,25.1463],[88.92302,25.16501],[88.91233,25.16806],[88.91093,25.18041],[88.88937,25.18476],[88.88982,25.17847],[88.87582,25.17897],[88.87487,25.19633],[88.86407,25.19024],[88.86488,25.2007],[88.85155,25.20064],[88.84371,25.21392],[88.83042,25.20545],[88.82692,25.19259],[88.81786,25.18899],[88.81334,25.17436],[88.80584,25.17055],[88.77361,25.17947],[88.76932,25.18991],[88.76696,25.18326],[88.75859,25.18676],[88.74871,25.17708],[88.75085,25.18291],[88.73453,25.1847],[88.73334,25.20002],[88.70787,25.20795],[88.68,25.20902],[88.66969,25.1983],[88.64282,25.20643],[88.61299,25.20429],[88.59772,25.191],[88.59089,25.1946],[88.59113,25.18519],[88.57957,25.17691],[88.56481,25.17461],[88.55556,25.17907],[88.55757,25.19272],[88.54803,25.19532],[88.53392,25.18808],[88.53772,25.19792],[88.5006,25.20341],[88.4991,25.21049],[88.47543,25.21348],[88.47199,25.19763],[88.46337,25.19502],[88.43736,25.19859],[88.4416,25.21037],[88.43806,25.20795],[88.4354,25.19984],[88.44315,25.19513],[88.44586,25.18027],[88.44226,25.17529],[88.45922,25.16097],[88.46034,25.13863],[88.44135,25.12764],[88.44632,25.08204],[88.45286,25.07942],[88.43491,25.05607],[88.43777,25.04318],[88.45262,25.03706],[88.4388,25.02266],[88.44193,25.01329],[88.43538,25.01439],[88.43659,25.00657],[88.42756,25.0077],[88.42549,25.01655],[88.42046,24.99967],[88.41238,24.99904],[88.41665,24.97389],[88.40507,24.97983],[88.40621,24.97282],[88.39466,24.96643],[88.39951,24.95967],[88.42299,24.96613],[88.43417,24.96087],[88.4319,24.92873],[88.44046,24.92038],[88.4573,24.91761],[88.45179,24.93164],[88.47129,24.93814],[88.49289,24.92471],[88.49415,24.90679],[88.48476,24.89928],[88.49459,24.88075],[88.47586,24.86296],[88.4746,24.84453],[88.44993,24.86142],[88.44608,24.85579],[88.45741,24.84586],[88.44226,24.84684],[88.43628,24.83935],[88.4251,24.84806],[88.41528,24.84301],[88.41208,24.84785],[88.40667,24.83823],[88.39639,24.83604],[88.40079,24.82902],[88.38472,24.83047],[88.3831,24.82032],[88.39344,24.81755],[88.41371,24.83179],[88.41393,24.83956],[88.42014,24.83909],[88.42159,24.83101],[88.4131,24.83044],[88.41473,24.82272],[88.42574,24.82511],[88.4346,24.81757],[88.44734,24.82588],[88.44078,24.80249],[88.43699,24.80707],[88.43004,24.79357],[88.43096,24.78408],[88.41792,24.78112],[88.41244,24.76884],[88.45266,24.77748],[88.47297,24.76261],[88.4799,24.77321],[88.49459,24.77177],[88.48957,24.75635],[88.49493,24.74544],[88.47511,24.74724],[88.47518,24.75874],[88.46931,24.76119],[88.45874,24.75897],[88.45535,24.75019],[88.4655,24.74744],[88.46256,24.73196],[88.48963,24.73372],[88.49367,24.73907],[88.5117,24.73416],[88.50557,24.71863],[88.51972,24.70749],[88.58147,24.69896],[88.57123,24.68164],[88.57834,24.67624],[88.591,24.68603],[88.59352,24.69843],[88.62038,24.70179],[88.62962,24.67031],[88.63011,24.65124],[88.62364,24.64469],[88.62948,24.63171],[88.6361,24.63253],[88.63087,24.62769],[88.63882,24.61717],[88.64914,24.63134],[88.65651,24.62408],[88.68267,24.637],[88.69284,24.63548],[88.69547,24.62542],[88.69804,24.63087],[88.70606,24.62844],[88.70257,24.63822],[88.69518,24.63984],[88.70328,24.64672],[88.70142,24.66192],[88.72005,24.66787],[88.7231,24.6601],[88.72879,24.66635],[88.73535,24.66377],[88.74267,24.68346],[88.75678,24.67052],[88.77066,24.66763],[88.79791,24.68658],[88.80544,24.67573],[88.81408,24.67459],[88.81089,24.65806],[88.82206,24.65303],[88.85464,24.65843],[88.87934,24.63575],[88.87871,24.64257],[88.88994,24.63776],[88.9095,24.64329],[88.93372,24.58837],[88.94122,24.59154],[88.9529,24.57875],[88.97214,24.58499],[89.00949,24.5656],[89.00447,24.55633],[89.01031,24.5508],[89.02818,24.55723],[89.03471,24.54558],[89.05259,24.53423],[89.06059,24.53864],[89.07909,24.53332],[89.08477,24.54458],[89.09223,24.53799],[89.09827,24.54165],[89.10481,24.58363],[89.09513,24.59452],[89.10185,24.62117],[89.09758,24.63731],[89.1154,24.6387],[89.1215,24.65384],[89.12422,24.6498],[89.13524,24.65445],[89.13831,24.6896],[89.13186,24.69277],[89.13631,24.70178],[89.13185,24.70449],[89.14508,24.71446],[89.15076,24.73836],[89.13607,24.73247],[89.13326,24.74245],[89.12652,24.73879],[89.12904,24.73286],[89.12316,24.72991],[89.12768,24.72262],[89.13166,24.72609],[89.13018,24.71406],[89.12831,24.72113],[89.1154,24.72464],[89.11071,24.72157],[89.12063,24.71442],[89.10713,24.71531],[89.09896,24.72582],[89.08352,24.71864],[89.08338,24.73],[89.0882,24.72716],[89.09691,24.73448],[89.08406,24.74054],[89.09626,24.7513],[89.08181,24.76452],[89.0887,24.78222],[89.07676,24.78915],[89.07166,24.78193],[89.05911,24.78636],[89.05482,24.78076],[89.04716,24.79],[89.03755,24.78097],[89.02126,24.78],[89.02125,24.77142],[89.01132,24.76376],[88.99724,24.76635],[88.98915,24.75449],[88.98981,24.74348],[88.98006,24.74711],[88.97473,24.73886],[88.96364,24.74335],[88.96634,24.76423],[88.97778,24.78366],[88.97091,24.78948],[88.98215,24.80311],[88.9733,24.80915],[88.96991,24.82332],[88.98799,24.82544],[88.97885,24.82949],[88.97418,24.84868],[88.99003,24.85944]]]}},{"type":"Feature","properties":{"code":"16705992B56503274196630","name_en":"Narail"},"geometry":{"type":"Polygon","coordinates":[[[89.80105,22.94126],[89.8064,22.95919],[89.79266,22.97946],[89.79706,22.99603],[89.76219,23.00767],[89.74677,23.04864],[89.72861,23.05539],[89.73558,23.07344],[89.69064,23.09868],[89.67261,23.12314],[89.67539,23.13156],[89.6862,23.13276],[89.70668,23.11365],[89.73857,23.1296],[89.74167,23.14229],[89.73018,23.15845],[89.73228,23.1682],[89.76481,23.17993],[89.75365,23.18769],[89.73346,23.18645],[89.69107,23.16262],[89.67903,23.18327],[89.68736,23.22411],[89.66499,23.24593],[89.64183,23.23246],[89.63325,23.23713],[89.63683,23.26162],[89.64884,23.27303],[89.66906,23.27834],[89.66572,23.28284],[89.63029,23.28999],[89.60447,23.31221],[89.60464,23.32103],[89.5785,23.32339],[89.56014,23.32039],[89.556,23.30849],[89.53425,23.30318],[89.52448,23.27818],[89.49815,23.29529],[89.47905,23.29945],[89.48029,23.28492],[89.46365,23.28398],[89.45505,23.25722],[89.42557,23.25872],[89.42431,23.24351],[89.43356,23.23337],[89.41776,23.22974],[89.42347,23.21609],[89.41966,23.21855],[89.42335,23.18367],[89.40883,23.15343],[89.42014,23.14644],[89.4193,23.14036],[89.40237,23.13899],[89.39267,23.14471],[89.37822,23.13557],[89.3896,23.10648],[89.38487,23.08577],[89.39982,23.07684],[89.39916,23.08427],[89.41663,23.08307],[89.44231,23.11455],[89.44049,23.07355],[89.45326,23.06812],[89.44389,23.06655],[89.44399,23.05474],[89.44908,23.05027],[89.45442,23.05399],[89.45743,23.04091],[89.46745,23.03272],[89.48962,23.03772],[89.50122,23.0331],[89.50972,23.01586],[89.52954,23.00682],[89.53026,22.99626],[89.54565,22.97703],[89.56677,22.99154],[89.58693,22.98545],[89.58475,22.97758],[89.61127,22.95553],[89.62346,22.97038],[89.62844,22.96142],[89.64988,22.96853],[89.65179,22.98349],[89.66948,22.97719],[89.67621,22.96753],[89.68932,22.97673],[89.73646,22.97317],[89.74411,22.96379],[89.76085,22.96479],[89.76658,22.97667],[89.7798,22.9834],[89.78761,22.98208],[89.78636,22.96209],[89.80105,22.94126]]]}},{"type":"Feature","properties":{"code":"16705992B28796010313895","name_en":"Narayanganj"},"geometry":{"type":"Polygon","coordinates":[[[90.73461,23.76284],[90.73204,23.77285],[90.74115,23.78747],[90.71461,23.79927],[90.7137,23.80846],[90.69676,23.82032],[90.67646,23.82793],[90.68956,23.79889],[90.68322,23.79432],[90.66405,23.79554],[90.66368,23.80233],[90.65541,23.79742],[90.64819,23.80099],[90.63653,23.82429],[90.64378,23.83578],[90.65893,23.8353],[90.66271,23.84158],[90.64659,23.84791],[90.65431,23.85539],[90.64512,23.86958],[90.62419,23.86161],[90.61853,23.85143],[90.62156,23.84173],[90.60986,23.83256],[90.59578,23.85354],[90.60776,23.85826],[90.61072,23.8852],[90.60307,23.88979],[90.59453,23.88162],[90.57067,23.89499],[90.55756,23.89323],[90.55421,23.88607],[90.5345,23.88702],[90.52568,23.89651],[90.5266,23.89061],[90.51698,23.88788],[90.52018,23.87642],[90.50526,23.87484],[90.50227,23.8579],[90.48318,23.8469],[90.47127,23.84731],[90.48779,23.81764],[90.48053,23.79236],[90.47093,23.78355],[90.48244,23.77336],[90.48993,23.73599],[90.51279,23.70957],[90.45386,23.67756],[90.4484,23.66532],[90.47236,23.63145],[90.44673,23.62387],[90.43019,23.60861],[90.44184,23.58622],[90.43127,23.56224],[90.44251,23.55263],[90.45667,23.55153],[90.48459,23.57041],[90.51832,23.57308],[90.54532,23.56053],[90.56492,23.53439],[90.57862,23.53551],[90.55935,23.57384],[90.5605,23.58938],[90.57348,23.59733],[90.60834,23.60029],[90.62692,23.61405],[90.6403,23.67483],[90.65842,23.67173],[90.67651,23.68003],[90.70875,23.66238],[90.73276,23.66708],[90.74099,23.6978],[90.72182,23.73073],[90.72308,23.74527],[90.73461,23.76284]]]}},{"type":"Feature","properties":{"code":"16705992B95243043657125","name_en":"Narsingdi"},"geometry":{"type":"Polygon","coordinates":[[[90.98599,24.0306],[90.96176,24.03368],[90.96794,24.06006],[90.95358,24.06705],[90.94437,24.08425],[90.91255,24.07489],[90.89112,24.0964],[90.84603,24.11161],[90.8487,24.12062],[90.86867,24.12898],[90.87099,24.13999],[90.84504,24.1426],[90.82515,24.1571],[90.80721,24.18801],[90.80101,24.1846],[90.78615,24.19305],[90.79349,24.21882],[90.78331,24.22663],[90.77948,24.24431],[90.75179,24.25157],[90.72224,24.23528],[90.68295,24.24435],[90.68535,24.23565],[90.67265,24.22261],[90.67169,24.20484],[90.68634,24.18953],[90.685,24.15006],[90.6953,24.13996],[90.6763,24.11553],[90.69553,24.11649],[90.70296,24.10656],[90.69972,24.10131],[90.66813,24.09966],[90.65663,24.0923],[90.63969,24.10609],[90.64106,24.07624],[90.63533,24.07078],[90.65797,24.01347],[90.63885,24.00368],[90.63006,23.97945],[90.61809,23.96842],[90.6141,23.92809],[90.59263,23.91445],[90.56039,23.9111],[90.56259,23.90236],[90.59214,23.88246],[90.59936,23.88199],[90.60307,23.88979],[90.61072,23.8852],[90.60776,23.85826],[90.59578,23.85354],[90.60986,23.83256],[90.62156,23.84173],[90.61853,23.85143],[90.62419,23.86161],[90.64512,23.86958],[90.65431,23.85539],[90.64659,23.84791],[90.66271,23.84158],[90.65893,23.8353],[90.64378,23.83578],[90.63653,23.82429],[90.64819,23.80099],[90.65541,23.79742],[90.66368,23.80233],[90.66405,23.79554],[90.68322,23.79432],[90.68956,23.79889],[90.67646,23.82793],[90.69676,23.82032],[90.7137,23.80846],[90.71461,23.79927],[90.74115,23.78747],[90.73204,23.77285],[90.73461,23.76284],[90.7662,23.80312],[90.76785,23.82137],[90.75947,23.85004],[90.76666,23.86421],[90.83252,23.86308],[90.8581,23.87904],[90.89477,23.86319],[90.90923,23.86801],[90.9312,23.91144],[90.9504,23.92635],[90.95306,23.95388],[90.97273,23.96932],[90.97382,23.98848],[90.96588,24.0054],[90.98599,24.0306]]]}},{"type":"Feature","properties":{"code":"16705992B43065208682222","name_en":"Natore"},"geometry":{"type":"Polygon","coordinates":[[[89.13796,24.68401],[89.13524,24.65445],[89.12422,24.6498],[89.1215,24.65384],[89.1154,24.6387],[89.09758,24.63731],[89.10185,24.62117],[89.09513,24.59452],[89.10481,24.58363],[89.09827,24.54165],[89.09223,24.53799],[89.08477,24.54458],[89.07909,24.53332],[89.06059,24.53864],[89.05259,24.53423],[89.03471,24.54558],[89.02818,24.55723],[89.01031,24.5508],[89.00447,24.55633],[89.00949,24.5656],[88.97214,24.58499],[88.96329,24.5836],[88.96108,24.54806],[88.94755,24.54544],[88.94048,24.53588],[88.92101,24.54453],[88.89664,24.53497],[88.89797,24.52477],[88.88745,24.53061],[88.87952,24.5208],[88.88417,24.51588],[88.89428,24.52017],[88.89756,24.51149],[88.92388,24.51709],[88.9284,24.5109],[88.92546,24.50068],[88.9161,24.5045],[88.91035,24.49571],[88.90544,24.49783],[88.89278,24.47714],[88.90007,24.46421],[88.89315,24.45583],[88.90267,24.44652],[88.89709,24.43963],[88.90249,24.40728],[88.89007,24.38449],[88.89636,24.37875],[88.89348,24.36375],[88.87994,24.36551],[88.87269,24.35747],[88.86173,24.36362],[88.84679,24.34044],[88.85378,24.30454],[88.86629,24.31095],[88.87823,24.2927],[88.90268,24.29028],[88.90002,24.27106],[88.91763,24.25096],[88.91533,24.24059],[88.89986,24.24012],[88.896,24.22891],[88.8798,24.22534],[88.87857,24.23578],[88.87206,24.22715],[88.87469,24.21359],[88.86885,24.20888],[88.87619,24.20045],[88.86554,24.18573],[88.87258,24.17999],[88.86054,24.166],[88.8928,24.16204],[88.89237,24.15163],[88.90111,24.15224],[88.89093,24.14928],[88.88251,24.13013],[88.87124,24.12998],[88.86593,24.12294],[88.86207,24.10706],[88.88113,24.11523],[88.88319,24.10664],[88.87395,24.09917],[88.91167,24.11305],[88.91053,24.12561],[88.92272,24.12897],[88.92031,24.11839],[88.93971,24.13209],[88.94991,24.1251],[89.00668,24.11812],[89.01031,24.12966],[89.00303,24.14238],[89.01566,24.14373],[88.99707,24.14427],[89.01454,24.14751],[88.9975,24.15591],[89.025,24.16933],[89.03276,24.16529],[89.03409,24.14719],[89.04706,24.13907],[89.05604,24.1509],[89.08082,24.15472],[89.08043,24.16629],[89.09536,24.15682],[89.11112,24.16592],[89.12873,24.16712],[89.12622,24.1711],[89.15623,24.17017],[89.17503,24.20067],[89.1913,24.19816],[89.21412,24.21064],[89.22287,24.2246],[89.21916,24.23482],[89.23861,24.2447],[89.24078,24.25391],[89.23302,24.25755],[89.23331,24.26664],[89.24166,24.27564],[89.25436,24.27296],[89.27668,24.30471],[89.28663,24.30483],[89.28721,24.3307],[89.31768,24.34178],[89.31864,24.35307],[89.31308,24.35098],[89.30015,24.36712],[89.29326,24.36483],[89.28336,24.37912],[89.28513,24.4205],[89.2723,24.42717],[89.25935,24.42307],[89.24717,24.42738],[89.25123,24.43631],[89.27544,24.44868],[89.28391,24.46216],[89.27895,24.46661],[89.28515,24.4715],[89.28323,24.48492],[89.28734,24.48271],[89.30563,24.49953],[89.30461,24.50745],[89.33775,24.54425],[89.34153,24.55861],[89.32737,24.57534],[89.32867,24.59918],[89.30794,24.59824],[89.307,24.61396],[89.29718,24.61438],[89.30038,24.61922],[89.28645,24.62659],[89.25709,24.62891],[89.25515,24.62087],[89.24826,24.61942],[89.25494,24.61424],[89.2542,24.60549],[89.23638,24.59528],[89.23811,24.58434],[89.22464,24.58018],[89.2133,24.59941],[89.21607,24.61306],[89.20546,24.60421],[89.20314,24.61297],[89.19586,24.61397],[89.2101,24.63464],[89.20352,24.63432],[89.20074,24.64342],[89.19192,24.64128],[89.19018,24.65103],[89.17948,24.64367],[89.1734,24.64636],[89.17179,24.6217],[89.14961,24.61674],[89.15374,24.62166],[89.14282,24.62976],[89.13644,24.656],[89.14553,24.65873],[89.14438,24.67097],[89.16241,24.66865],[89.16594,24.67693],[89.15683,24.68747],[89.14279,24.67847],[89.13796,24.68401]]]}},{"type":"Feature","properties":{"code":"16705992B76725860359822","name_en":"Nawabganj"},"geometry":{"type":"Polygon","coordinates":[[[88.39511,24.96471],[88.4018,24.95086],[88.39502,24.94171],[88.37116,24.94227],[88.36584,24.9533],[88.35873,24.95343],[88.35473,24.94232],[88.33975,24.93967],[88.33654,24.91859],[88.32472,24.91846],[88.33272,24.89728],[88.34389,24.89967],[88.34681,24.89251],[88.33114,24.87038],[88.32132,24.87564],[88.32059,24.8836],[88.3032,24.87184],[88.29808,24.88083],[88.30198,24.88594],[88.27807,24.88815],[88.27619,24.89808],[88.26717,24.87845],[88.25903,24.87814],[88.26491,24.89279],[88.26243,24.92104],[88.22621,24.95975],[88.18806,24.95169],[88.18354,24.95565],[88.17544,24.94634],[88.17015,24.95049],[88.15834,24.94148],[88.15746,24.93358],[88.138,24.93626],[88.14031,24.91416],[88.16189,24.89321],[88.16897,24.89308],[88.16866,24.88833],[88.15772,24.89246],[88.15263,24.88453],[88.16367,24.87808],[88.15928,24.87218],[88.16588,24.8635],[88.17498,24.86025],[88.16216,24.85806],[88.16042,24.84858],[88.14491,24.8512],[88.14089,24.83448],[88.13189,24.83611],[88.13625,24.8054],[88.13072,24.80508],[88.12354,24.82317],[88.1123,24.81415],[88.10499,24.79967],[88.10608,24.77966],[88.08898,24.78302],[88.07783,24.76921],[88.06829,24.76927],[88.07451,24.76087],[88.06571,24.75081],[88.07245,24.74376],[88.06284,24.72164],[88.00863,24.66788],[88.04115,24.64343],[88.09694,24.55654],[88.14072,24.51134],[88.17343,24.49314],[88.19839,24.46258],[88.2633,24.44599],[88.29169,24.41636],[88.32751,24.43784],[88.33089,24.44763],[88.31499,24.46166],[88.30525,24.48145],[88.31207,24.52119],[88.30052,24.56493],[88.30649,24.56413],[88.30754,24.57094],[88.31828,24.56925],[88.33252,24.58721],[88.34495,24.58599],[88.35944,24.60295],[88.36911,24.59452],[88.3712,24.60283],[88.39011,24.59961],[88.42264,24.61588],[88.41799,24.63034],[88.42833,24.63435],[88.43037,24.64248],[88.41995,24.64906],[88.43399,24.65102],[88.4353,24.66676],[88.45828,24.6582],[88.49108,24.65672],[88.48815,24.66473],[88.50132,24.66656],[88.50142,24.67425],[88.51093,24.6722],[88.51126,24.68177],[88.4803,24.67875],[88.47294,24.66869],[88.45532,24.67789],[88.45992,24.68485],[88.48284,24.68125],[88.48973,24.69033],[88.48787,24.70652],[88.50557,24.71863],[88.5117,24.73416],[88.49367,24.73907],[88.48963,24.73372],[88.46543,24.73095],[88.4655,24.74744],[88.45535,24.75019],[88.45874,24.75897],[88.46931,24.76119],[88.47518,24.75874],[88.47511,24.74724],[88.49493,24.74544],[88.48957,24.75635],[88.49459,24.77177],[88.4799,24.77321],[88.47297,24.76261],[88.45266,24.77748],[88.41244,24.76884],[88.41792,24.78112],[88.43096,24.78408],[88.43004,24.79357],[88.43699,24.80707],[88.44078,24.80249],[88.44734,24.82588],[88.4346,24.81757],[88.42574,24.82511],[88.41473,24.82272],[88.4131,24.83044],[88.42159,24.83101],[88.42014,24.83909],[88.41393,24.83956],[88.41371,24.83179],[88.39344,24.81755],[88.3831,24.82032],[88.38472,24.83047],[88.40079,24.82902],[88.39639,24.83604],[88.40667,24.83823],[88.41208,24.84785],[88.41528,24.84301],[88.4251,24.84806],[88.43628,24.83935],[88.44226,24.84684],[88.45741,24.84586],[88.44608,24.85579],[88.44993,24.86142],[88.4746,24.84453],[88.47586,24.86296],[88.49459,24.88075],[88.48476,24.89928],[88.49415,24.90679],[88.49289,24.92471],[88.47129,24.93814],[88.45179,24.93164],[88.4573,24.91761],[88.44046,24.92038],[88.4319,24.92873],[88.43417,24.96087],[88.42299,24.96613],[88.39951,24.95967],[88.39511,24.96471]]]}},{"type":"Feature","properties":{"code":"16705992B47191620994273","name_en":"Netrakona"},"geometry":{"type":"Polygon","coordinates":[[[91.19521,24.63114],[91.20474,24.63178],[91.20988,24.65246],[91.22999,24.65471],[91.23274,24.66643],[91.22253,24.66938],[91.22382,24.67522],[91.23859,24.67504],[91.24094,24.69156],[91.21972,24.70239],[91.22659,24.70663],[91.22528,24.72751],[91.20684,24.70898],[91.18027,24.72408],[91.16893,24.72496],[91.16305,24.71672],[91.15875,24.7249],[91.14133,24.72421],[91.15177,24.73004],[91.14726,24.74672],[91.15554,24.74096],[91.15934,24.74811],[91.13523,24.7572],[91.15832,24.76468],[91.17121,24.77994],[91.16883,24.7914],[91.1605,24.79193],[91.17215,24.80962],[91.17069,24.82696],[91.15296,24.83746],[91.14273,24.8254],[91.1528,24.80933],[91.14262,24.8006],[91.14456,24.79459],[91.13041,24.79284],[91.11249,24.81706],[91.12032,24.83721],[91.1304,24.8406],[91.1235,24.84872],[91.11381,24.84754],[91.10346,24.86366],[91.10889,24.87156],[91.09845,24.88959],[91.08881,24.88758],[91.07842,24.90003],[91.05384,24.90058],[91.04447,24.90814],[91.0294,24.88308],[91.02535,24.88849],[91.01762,24.88525],[91.0156,24.89855],[90.99806,24.89214],[90.99287,24.9141],[90.97065,24.91702],[90.96465,24.91139],[90.95329,24.91916],[90.95526,24.93954],[90.94914,24.93968],[90.96339,24.94187],[90.97317,24.95842],[90.96004,24.97278],[90.94366,24.97592],[90.94031,24.98608],[90.94743,25.00475],[90.93629,25.00906],[90.93405,25.01994],[90.93804,25.0283],[90.96503,25.0357],[90.95069,25.04494],[90.93286,25.04486],[90.92879,25.06312],[90.93574,25.06577],[90.92778,25.07799],[90.94418,25.08156],[90.95657,25.07044],[90.97466,25.07428],[90.96811,25.08887],[90.97109,25.09542],[90.94742,25.11383],[90.9559,25.11953],[90.94923,25.13725],[90.95223,25.14922],[90.97026,25.16058],[90.96229,25.16735],[90.96485,25.17188],[90.9279,25.16234],[90.88391,25.1668],[90.84977,25.15774],[90.84195,25.16441],[90.80584,25.16605],[90.8054,25.17372],[90.79465,25.18138],[90.78393,25.17945],[90.78028,25.18622],[90.76338,25.17808],[90.76034,25.16828],[90.73417,25.16695],[90.73314,25.16212],[90.74188,25.16137],[90.73319,25.15501],[90.70992,25.16821],[90.7065,25.16121],[90.70059,25.16493],[90.69851,25.15686],[90.68208,25.16438],[90.68563,25.17459],[90.67455,25.17667],[90.66594,25.16596],[90.6634,25.198],[90.65798,25.18535],[90.64736,25.19438],[90.65109,25.18209],[90.64028,25.18371],[90.64184,25.17493],[90.61822,25.17267],[90.61561,25.17755],[90.6163,25.15871],[90.60552,25.14048],[90.61086,25.12957],[90.59923,25.1084],[90.60384,25.10369],[90.58689,25.08323],[90.59543,25.07647],[90.58845,25.05873],[90.59744,25.07035],[90.60741,25.07018],[90.60414,25.0618],[90.61275,25.05359],[90.60483,25.05143],[90.60752,25.03407],[90.60244,25.03212],[90.60693,25.02849],[90.591,25.03396],[90.58548,25.02678],[90.54992,25.04176],[90.54514,25.03245],[90.53321,25.03294],[90.54686,25.02325],[90.53815,25.01214],[90.52401,25.02992],[90.51767,25.02373],[90.51114,25.03027],[90.50681,25.01763],[90.50382,25.03193],[90.49427,25.02736],[90.49475,25.01965],[90.50411,25.01679],[90.49272,25.00274],[90.503,25.00212],[90.50349,24.98487],[90.51099,24.98685],[90.51645,24.97701],[90.52306,24.97932],[90.5127,24.95163],[90.51638,24.94614],[90.52882,24.95269],[90.53105,24.94586],[90.52558,24.94229],[90.54413,24.93708],[90.53371,24.92703],[90.54113,24.90703],[90.53459,24.89158],[90.5413,24.88532],[90.56836,24.88525],[90.57231,24.85646],[90.55927,24.84347],[90.5734,24.83848],[90.57886,24.84431],[90.58821,24.84194],[90.58796,24.8346],[90.5634,24.81162],[90.5787,24.82215],[90.58205,24.81164],[90.60812,24.81433],[90.62464,24.79546],[90.64041,24.7988],[90.64874,24.79149],[90.67105,24.80324],[90.70826,24.8014],[90.70556,24.78663],[90.71864,24.78244],[90.72271,24.7743],[90.70976,24.7672],[90.6984,24.7745],[90.69532,24.75836],[90.71534,24.75252],[90.7148,24.74303],[90.72169,24.7426],[90.72434,24.73157],[90.7086,24.72992],[90.69552,24.71412],[90.69585,24.7001],[90.70475,24.70021],[90.70898,24.69284],[90.70063,24.67568],[90.72202,24.64919],[90.72957,24.65328],[90.74066,24.64912],[90.74388,24.6376],[90.75825,24.6374],[90.75696,24.61047],[90.77301,24.60875],[90.77609,24.61672],[90.78307,24.60752],[90.79404,24.60586],[90.79602,24.59546],[90.78877,24.58485],[90.79567,24.58395],[90.79252,24.57782],[90.80718,24.58034],[90.80556,24.5866],[90.81582,24.58141],[90.81997,24.58802],[90.83976,24.57992],[90.85694,24.59948],[90.88,24.59247],[90.88477,24.60034],[90.90402,24.5998],[90.90725,24.59463],[90.91585,24.60118],[90.91632,24.61373],[90.92747,24.61586],[90.93869,24.60185],[90.95355,24.60243],[90.96286,24.6115],[90.97688,24.59954],[90.98448,24.60522],[91.01835,24.60312],[91.02997,24.62996],[91.04133,24.62436],[91.03823,24.61098],[91.07319,24.61896],[91.09924,24.59944],[91.09996,24.60503],[91.10578,24.60128],[91.10466,24.608],[91.12886,24.61003],[91.13466,24.62064],[91.12732,24.62916],[91.12991,24.64211],[91.13816,24.63459],[91.15434,24.63896],[91.16381,24.63218],[91.17485,24.64308],[91.18505,24.63565],[91.19205,24.63844],[91.19521,24.63114]]]}},{"type":"Feature","properties":{"code":"16705992B74406959438199","name_en":"Nilphamari"},"geometry":{"type":"Polygon","coordinates":[[[88.94107,25.73433],[88.94659,25.74275],[88.95467,25.74096],[88.95344,25.75056],[88.94539,25.75258],[88.94045,25.76368],[88.94547,25.76414],[88.94552,25.77514],[88.96183,25.78433],[88.95506,25.78822],[88.96069,25.79206],[88.95461,25.80256],[88.94758,25.79999],[88.94302,25.80647],[88.95669,25.81383],[88.98572,25.8074],[88.99034,25.81418],[89.00469,25.81234],[89.00199,25.81568],[89.01405,25.81967],[89.04283,25.81258],[89.06201,25.8341],[89.0905,25.8268],[89.08728,25.84588],[89.10049,25.85137],[89.09629,25.86192],[89.10363,25.86747],[89.10257,25.87522],[89.11491,25.88142],[89.11628,25.88612],[89.09925,25.89756],[89.10421,25.9347],[89.09423,25.93672],[89.10211,25.93954],[89.10968,25.96618],[89.12536,25.96052],[89.14184,25.96417],[89.11223,25.9936],[89.10158,26.02722],[89.09349,26.03372],[89.09762,26.03619],[89.09035,26.05993],[89.09943,26.07623],[89.08913,26.08875],[89.089,26.09974],[89.09034,26.1153],[89.1016,26.12037],[89.09795,26.14628],[89.07292,26.17055],[89.05702,26.16791],[89.03725,26.17441],[89.03741,26.18189],[89.03334,26.17866],[89.02831,26.1891],[89.0193,26.19134],[89.03305,26.20365],[89.03613,26.22037],[89.02204,26.22796],[89.01584,26.24472],[88.95677,26.24064],[88.92622,26.28389],[88.8982,26.28874],[88.87579,26.28665],[88.86134,26.27273],[88.8614,26.25212],[88.87169,26.2405],[88.87769,26.2423],[88.87782,26.23349],[88.84026,26.23141],[88.83807,26.23824],[88.82758,26.23973],[88.8291,26.24981],[88.81352,26.25468],[88.80996,26.27702],[88.81907,26.29459],[88.79347,26.31007],[88.76403,26.29898],[88.75926,26.30414],[88.76641,26.28655],[88.75811,26.26142],[88.76292,26.23612],[88.77617,26.23938],[88.79006,26.23039],[88.79747,26.21479],[88.79031,26.2054],[88.79783,26.20338],[88.79352,26.18881],[88.77578,26.18056],[88.78173,26.17755],[88.77901,26.16522],[88.7892,26.12353],[88.76723,26.08779],[88.75766,26.08464],[88.77528,26.0731],[88.7788,26.06235],[88.76117,26.03393],[88.75771,26.03634],[88.759,26.02475],[88.74471,26.02483],[88.73495,26.01468],[88.74816,25.9773],[88.74373,25.96497],[88.75145,25.94745],[88.74448,25.93816],[88.75508,25.931],[88.75955,25.93895],[88.77858,25.93486],[88.80151,25.92203],[88.80145,25.90051],[88.81597,25.87723],[88.82015,25.8555],[88.82765,25.8538],[88.82247,25.84059],[88.8276,25.81317],[88.84427,25.81082],[88.85661,25.77658],[88.88985,25.7708],[88.89158,25.74181],[88.8976,25.7353],[88.91581,25.73545],[88.90493,25.7378],[88.90909,25.74574],[88.93525,25.73115],[88.94107,25.73433]]]}},{"type":"Feature","properties":{"code":"16705992B96773862439533","name_en":"Noakhali"},"geometry":{"type":"MultiPolygon","coordinates":[[[[91.08274,22.05355],[91.08272,22.06411],[91.06897,22.06315],[91.04867,22.05415],[91.04878,22.04813],[91.05645,22.05176],[91.05504,22.03786],[91.06063,22.03128],[91.08274,22.05355]]],[[[91.03095,22.08382],[91.00146,22.10053],[90.97835,22.08155],[90.97285,22.05153],[90.98157,22.02794],[90.99084,22.02311],[91.02288,22.04399],[91.0183,22.03451],[91.03233,22.03858],[91.04789,22.07378],[91.04219,22.08338],[91.03095,22.08382]]],[[[91.01505,22.17566],[91.02449,22.17714],[91.03104,22.19981],[91.02257,22.19503],[91.01505,22.17566]]],[[[91.01533,22.24263],[91.02914,22.27171],[91.03664,22.32027],[91.01901,22.33231],[91.02403,22.31673],[91.01366,22.26985],[91.01533,22.24263]]],[[[91.0362,22.33763],[91.05434,22.34855],[91.04107,22.37402],[91.01961,22.35226],[91.0362,22.33763]]],[[[91.05527,22.35956],[91.05097,22.38592],[91.04349,22.37493],[91.05527,22.35956]]],[[[91.14094,22.37321],[91.13159,22.38361],[91.06999,22.40699],[91.0749,22.36356],[91.05922,22.34923],[91.06881,22.3398],[91.06848,22.24214],[91.03813,22.15828],[91.004,22.11361],[91.01535,22.10092],[91.05776,22.07923],[91.11437,22.12719],[91.13588,22.13182],[91.13718,22.14629],[91.16494,22.16856],[91.18824,22.23282],[91.19014,22.28072],[91.18431,22.2965],[91.18988,22.32661],[91.18469,22.36537],[91.17499,22.38375],[91.14094,22.37321]]],[[[90.99018,22.391],[90.98106,22.41687],[90.97228,22.4206],[90.99018,22.391]]],[[[91.25625,22.40976],[91.26637,22.42379],[91.25648,22.43548],[91.24575,22.42629],[91.25625,22.40976]]],[[[91.27709,22.4411],[91.27264,22.44845],[91.27099,22.44311],[91.27709,22.4411]]],[[[91.01295,22.36049],[91.03036,22.37711],[91.04532,22.43595],[91.03414,22.45075],[91.00189,22.46347],[90.98724,22.45429],[90.98773,22.43565],[91.00385,22.37073],[91.01295,22.36049]]],[[[90.96773,22.42763],[90.96965,22.45277],[90.97783,22.46544],[90.96195,22.47098],[90.95088,22.46454],[90.96773,22.42763]]],[[[90.93393,22.49373],[90.98015,22.50502],[90.98225,22.51156],[90.97645,22.52198],[90.93393,22.49373]]],[[[91.33943,22.52602],[91.3362,22.55593],[91.31112,22.60281],[91.27383,22.55485],[91.26595,22.52014],[91.29104,22.48395],[91.31806,22.49793],[91.31028,22.5071],[91.32581,22.50102],[91.33416,22.50719],[91.32692,22.51707],[91.33991,22.51764],[91.33943,22.52602]]],[[[91.33841,22.73205],[91.30821,22.72663],[91.28778,22.71043],[91.29599,22.67296],[91.31818,22.64989],[91.34318,22.68581],[91.34866,22.71589],[91.33841,22.73205]]],[[[91.40719,22.7654],[91.4091,22.75628],[91.42205,22.74863],[91.42412,22.75739],[91.40719,22.7654]]],[[[91.37704,22.78451],[91.37395,22.78096],[91.37947,22.77936],[91.37704,22.78451]]],[[[91.34453,22.78905],[91.36521,22.77745],[91.37682,22.78533],[91.36786,22.80175],[91.34453,22.78905]]],[[[91.33599,22.82124],[91.33539,22.81889],[91.33816,22.82081],[91.33599,22.82124]]],[[[90.96185,23.13104],[90.95312,23.12609],[90.95355,23.11297],[90.94152,23.10149],[90.94528,23.08584],[90.93083,23.09073],[90.92918,23.08047],[90.91139,23.07976],[90.91908,23.0655],[90.89896,23.0715],[90.91881,23.0419],[90.90618,23.04187],[90.90678,23.03462],[90.8975,23.03917],[90.88663,23.02556],[90.89779,23.01174],[90.92074,23.01398],[90.91901,23.00654],[90.92663,23.00598],[90.93343,22.9867],[90.94374,22.9904],[90.94428,22.99814],[90.96601,22.97937],[90.97667,22.98409],[90.98637,22.97201],[90.98848,22.9786],[90.99885,22.97741],[90.99469,22.96145],[91.00124,22.95929],[90.99989,22.94936],[90.98893,22.93969],[90.99137,22.93087],[90.98131,22.91619],[90.98699,22.91537],[90.98254,22.91033],[90.99129,22.90306],[90.98141,22.89198],[90.9864,22.87857],[90.9691,22.86469],[90.95614,22.86591],[90.95543,22.85928],[90.94292,22.86223],[90.94539,22.83767],[90.93191,22.8283],[90.92668,22.81393],[90.88995,22.81102],[90.9813,22.75398],[90.98083,22.7154],[91.00986,22.70524],[91.01687,22.68599],[90.98841,22.63932],[91.01179,22.6069],[91.01741,22.56818],[91.0554,22.53686],[91.07814,22.4933],[91.09063,22.52219],[91.12827,22.54471],[91.13666,22.55703],[91.12969,22.54285],[91.09265,22.52088],[91.08229,22.48486],[91.09282,22.46644],[91.13603,22.44288],[91.16038,22.45819],[91.16536,22.47947],[91.20119,22.51058],[91.19146,22.52014],[91.17107,22.52021],[91.15893,22.51432],[91.16049,22.50063],[91.12652,22.48632],[91.11256,22.48794],[91.12304,22.49564],[91.15288,22.50055],[91.15041,22.54035],[91.16168,22.52073],[91.18094,22.52619],[91.20918,22.52411],[91.2149,22.53148],[91.22889,22.52585],[91.25068,22.55934],[91.25894,22.58522],[91.26363,22.58154],[91.28802,22.61862],[91.28446,22.62596],[91.27497,22.62732],[91.27786,22.63081],[91.26343,22.63545],[91.283,22.63522],[91.26379,22.68362],[91.24833,22.68016],[91.24671,22.69128],[91.23315,22.70472],[91.21144,22.70453],[91.1931,22.73292],[91.20679,22.72579],[91.21085,22.71292],[91.22868,22.71436],[91.22657,22.72062],[91.25885,22.69721],[91.29891,22.74516],[91.38437,22.75642],[91.38453,22.76517],[91.3312,22.78534],[91.32814,22.79751],[91.31135,22.8161],[91.31667,22.82177],[91.332,22.82066],[91.32519,22.83707],[91.30967,22.84087],[91.31203,22.84549],[91.32892,22.84831],[91.32931,22.85346],[91.33101,22.84506],[91.33677,22.84485],[91.33915,22.8602],[91.35225,22.85293],[91.34781,22.8569],[91.35198,22.86622],[91.33693,22.86326],[91.34299,22.87741],[91.33528,22.87535],[91.32848,22.88166],[91.34458,22.88122],[91.34358,22.89674],[91.35254,22.8956],[91.34112,22.91329],[91.32183,22.90227],[91.30821,22.90522],[91.29983,22.89401],[91.27635,22.89939],[91.27743,22.89299],[91.26912,22.89155],[91.26555,22.88154],[91.24815,22.89422],[91.24862,22.90557],[91.26011,22.9099],[91.26312,22.9459],[91.26007,22.95877],[91.25235,22.96048],[91.26495,23.02186],[91.25812,23.03122],[91.26384,23.03453],[91.25556,23.03947],[91.25895,23.05461],[91.23553,23.05879],[91.23591,23.06598],[91.22549,23.06655],[91.2226,23.05792],[91.21455,23.0667],[91.18527,23.06025],[91.16778,23.0698],[91.1599,23.08407],[91.14055,23.07928],[91.14002,23.07429],[91.07944,23.0716],[91.08036,23.07677],[91.06485,23.07756],[91.04299,23.09043],[91.03602,23.11441],[91.02324,23.10628],[91.01355,23.1161],[90.98546,23.11737],[90.98075,23.1332],[90.96185,23.13104]]]]}},{"type":"Feature","properties":{"code":"16705992B46384724638491","name_en":"Pabna"},"geometry":{"type":"Polygon","coordinates":[[[89.35535,23.88594],[89.35695,23.89799],[89.35961,23.89177],[89.36514,23.89475],[89.3646,23.9107],[89.38522,23.90781],[89.40893,23.88173],[89.46859,23.83925],[89.51496,23.81864],[89.57153,23.80811],[89.58387,23.81444],[89.67244,23.80974],[89.69575,23.8145],[89.73274,23.83537],[89.70383,23.8771],[89.69696,23.86661],[89.70231,23.89552],[89.69542,23.92392],[89.6845,23.92525],[89.68393,23.93936],[89.69277,23.94273],[89.6934,23.9873],[89.72158,24.01353],[89.70301,24.02367],[89.69821,24.03871],[89.68302,24.03424],[89.68459,24.05839],[89.65984,24.07545],[89.63709,24.08683],[89.63,24.08333],[89.61629,24.09697],[89.60466,24.09666],[89.58079,24.11157],[89.55936,24.11136],[89.55542,24.119],[89.5644,24.12212],[89.55745,24.12727],[89.54998,24.1297],[89.54697,24.12413],[89.54587,24.13148],[89.53292,24.13013],[89.52169,24.15424],[89.52941,24.15921],[89.5234,24.16877],[89.53326,24.16658],[89.53512,24.1728],[89.51773,24.17901],[89.51736,24.18912],[89.52508,24.19124],[89.52235,24.19725],[89.51021,24.19985],[89.50078,24.21707],[89.48954,24.21708],[89.48591,24.20375],[89.46943,24.20083],[89.46143,24.22457],[89.47347,24.21921],[89.47817,24.22937],[89.47113,24.23454],[89.45411,24.22767],[89.44584,24.23366],[89.45657,24.23378],[89.46322,24.25034],[89.46023,24.26209],[89.44799,24.26825],[89.43936,24.25236],[89.4246,24.25035],[89.4293,24.26701],[89.41756,24.29269],[89.41906,24.3045],[89.42545,24.30705],[89.41833,24.32193],[89.40036,24.32152],[89.39757,24.3376],[89.37503,24.33831],[89.37829,24.34826],[89.36605,24.35387],[89.35351,24.34827],[89.31864,24.35307],[89.31073,24.33566],[89.28721,24.3307],[89.28663,24.30483],[89.27668,24.30471],[89.25436,24.27296],[89.24166,24.27564],[89.23331,24.26664],[89.23302,24.25755],[89.24078,24.25391],[89.23861,24.2447],[89.21916,24.23482],[89.22287,24.2246],[89.21412,24.21064],[89.1913,24.19816],[89.17503,24.20067],[89.15623,24.17017],[89.12622,24.1711],[89.12873,24.16712],[89.11112,24.16592],[89.09536,24.15682],[89.08043,24.16629],[89.08082,24.15472],[89.05604,24.1509],[89.04706,24.13907],[89.03409,24.14719],[89.03276,24.16529],[89.025,24.16933],[88.9975,24.15591],[89.01454,24.14751],[88.99707,24.14427],[89.01566,24.14373],[89.00303,24.14238],[89.01031,24.12966],[89.00668,24.11812],[89.02649,24.09174],[89.04813,24.01962],[89.07276,23.97788],[89.09605,23.97278],[89.09862,23.95986],[89.12695,23.96217],[89.14013,23.95334],[89.16304,23.94976],[89.17982,23.96335],[89.17766,23.98739],[89.21628,23.98849],[89.21651,23.97154],[89.237,23.97289],[89.23587,23.94599],[89.25133,23.93375],[89.26248,23.90971],[89.2585,23.88545],[89.26387,23.87866],[89.27099,23.87651],[89.27856,23.90604],[89.28365,23.89712],[89.30387,23.88878],[89.31238,23.87426],[89.34715,23.88922],[89.35187,23.88264],[89.35535,23.88594]]]}},{"type":"Feature","properties":{"code":"16705992B66536058617583","name_en":"Panchagarh"},"geometry":{"type":"Polygon","coordinates":[[[88.73495,26.01468],[88.74471,26.02483],[88.759,26.02475],[88.75771,26.03634],[88.76117,26.03393],[88.7788,26.06235],[88.77528,26.0731],[88.75766,26.08464],[88.76723,26.08779],[88.7892,26.12353],[88.77901,26.16522],[88.78173,26.17755],[88.77578,26.18056],[88.79352,26.18881],[88.79755,26.20626],[88.79062,26.2076],[88.79747,26.21479],[88.7818,26.23688],[88.76292,26.23612],[88.75811,26.26142],[88.76641,26.28655],[88.75656,26.31057],[88.74663,26.31111],[88.74078,26.29569],[88.74506,26.29075],[88.71975,26.2931],[88.72195,26.28293],[88.69579,26.27954],[88.67943,26.25901],[88.67674,26.26477],[88.66621,26.26274],[88.67215,26.26857],[88.66566,26.28486],[88.66798,26.29727],[88.67473,26.29853],[88.68718,26.28832],[88.68153,26.28716],[88.6862,26.28212],[88.70939,26.28887],[88.68474,26.2952],[88.67824,26.30437],[88.6825,26.31261],[88.67524,26.31145],[88.67507,26.32017],[88.69569,26.32882],[88.68985,26.32344],[88.69321,26.31408],[88.71498,26.31806],[88.71919,26.31225],[88.73116,26.31848],[88.73058,26.32375],[88.74645,26.32247],[88.74868,26.33202],[88.73383,26.32859],[88.74582,26.34717],[88.7332,26.35393],[88.73586,26.34808],[88.72608,26.34137],[88.71278,26.34373],[88.71009,26.33477],[88.70271,26.33449],[88.70394,26.34199],[88.69405,26.34687],[88.69851,26.35687],[88.69145,26.36005],[88.69623,26.36204],[88.68914,26.36376],[88.68657,26.3789],[88.68103,26.38022],[88.70225,26.38855],[88.68738,26.38691],[88.68848,26.39603],[88.6703,26.39779],[88.68736,26.40107],[88.68569,26.41268],[88.66774,26.40731],[88.66039,26.41641],[88.6444,26.41883],[88.65101,26.42176],[88.64976,26.42969],[88.62373,26.43486],[88.62824,26.44112],[88.62285,26.47116],[88.59395,26.47084],[88.59255,26.44874],[88.58291,26.45572],[88.55996,26.45711],[88.56238,26.46747],[88.55232,26.47556],[88.55646,26.48487],[88.52645,26.48149],[88.51863,26.50133],[88.52135,26.51059],[88.50556,26.51643],[88.4897,26.51044],[88.48353,26.54107],[88.45884,26.54723],[88.45643,26.53699],[88.44817,26.53538],[88.43725,26.54414],[88.42112,26.5711],[88.41798,26.62165],[88.41055,26.63451],[88.38766,26.61204],[88.39847,26.60373],[88.37591,26.59427],[88.37084,26.56067],[88.35737,26.54267],[88.35938,26.53029],[88.33116,26.48463],[88.34068,26.47844],[88.34046,26.4691],[88.34703,26.4684],[88.35489,26.44711],[88.36603,26.47085],[88.36054,26.48474],[88.37114,26.48826],[88.38768,26.47894],[88.40492,26.48589],[88.41952,26.4659],[88.42839,26.47302],[88.43707,26.46608],[88.4852,26.46035],[88.47884,26.45263],[88.49616,26.4372],[88.48978,26.42972],[88.49817,26.4256],[88.49393,26.41886],[88.50266,26.41759],[88.4956,26.40953],[88.50309,26.40313],[88.50888,26.4073],[88.50482,26.39898],[88.51325,26.38746],[88.51909,26.3901],[88.51283,26.3773],[88.51732,26.37067],[88.52433,26.37538],[88.51528,26.36511],[88.52321,26.36159],[88.51852,26.35185],[88.50561,26.34866],[88.5077,26.36263],[88.48832,26.36036],[88.49186,26.3515],[88.48355,26.34967],[88.47734,26.3578],[88.46316,26.35736],[88.45765,26.37676],[88.44646,26.36503],[88.43555,26.33586],[88.4138,26.33736],[88.40458,26.32995],[88.40698,26.32375],[88.41561,26.32444],[88.41496,26.31519],[88.38872,26.31518],[88.36384,26.30007],[88.3496,26.28231],[88.34826,26.25045],[88.35922,26.24294],[88.35127,26.22182],[88.32306,26.21034],[88.32302,26.20116],[88.3338,26.19148],[88.33067,26.185],[88.34344,26.18981],[88.35726,26.18054],[88.38381,26.18213],[88.38561,26.20117],[88.40817,26.19513],[88.41545,26.19779],[88.40946,26.20403],[88.45986,26.19309],[88.4775,26.20382],[88.51667,26.20098],[88.52198,26.18036],[88.53423,26.17854],[88.548,26.18918],[88.54452,26.18152],[88.56368,26.17535],[88.5595,26.16563],[88.56583,26.16425],[88.57267,26.14963],[88.58535,26.15035],[88.58601,26.14124],[88.60766,26.14005],[88.63837,26.10791],[88.63427,26.10423],[88.64116,26.1027],[88.64653,26.08267],[88.63653,26.07911],[88.63787,26.07038],[88.62676,26.05593],[88.64602,26.04301],[88.66362,26.01694],[88.69957,26.01571],[88.70032,26.00781],[88.70653,26.00635],[88.71969,26.00819],[88.72572,26.01625],[88.73495,26.01468]]]}},{"type":"Feature","properties":{"code":"16705992B49808088196813","name_en":"Patuakhali"},"geometry":{"type":"MultiPolygon","coordinates":[[[[90.47753,21.76919],[90.47512,21.78192],[90.47036,21.77423],[90.47753,21.76919]]],[[[90.38345,21.78775],[90.39244,21.79633],[90.39134,21.8058],[90.37834,21.7892],[90.38345,21.78775]]],[[[90.48002,21.80127],[90.47717,21.81461],[90.46963,21.81961],[90.46143,21.80677],[90.48002,21.80127]]],[[[90.38092,21.85421],[90.36837,21.85414],[90.37293,21.85308],[90.36616,21.84258],[90.36876,21.83607],[90.38389,21.83747],[90.38092,21.85421]]],[[[90.43478,21.83172],[90.45984,21.84088],[90.45576,21.8603],[90.43287,21.84612],[90.43008,21.83566],[90.43478,21.83172]]],[[[90.54129,21.85359],[90.52191,21.86145],[90.49782,21.85813],[90.48102,21.84245],[90.47752,21.81965],[90.48722,21.81174],[90.49966,21.81151],[90.55051,21.85461],[90.54129,21.85359]]],[[[90.41925,21.85531],[90.43653,21.86904],[90.41445,21.85934],[90.41925,21.85531]]],[[[90.55308,21.8639],[90.52717,21.88708],[90.50356,21.86617],[90.54814,21.85737],[90.55729,21.85949],[90.55308,21.8639]]],[[[90.46845,21.84916],[90.48205,21.85724],[90.48389,21.8886],[90.46522,21.86389],[90.46845,21.84916]]],[[[90.40743,21.87619],[90.41808,21.89265],[90.40787,21.88761],[90.40743,21.87619]]],[[[90.09031,21.87386],[90.10132,21.88516],[90.1085,21.89581],[90.0975,21.88629],[90.09031,21.87386]]],[[[90.49287,21.87557],[90.51162,21.89196],[90.50011,21.91054],[90.48828,21.89112],[90.49287,21.87557]]],[[[90.42415,21.88205],[90.45117,21.89072],[90.45969,21.9115],[90.4226,21.89663],[90.41733,21.88154],[90.42415,21.88205]]],[[[90.47521,21.90215],[90.48377,21.91308],[90.48644,21.92129],[90.48357,21.9202],[90.47635,21.90889],[90.47424,21.90359],[90.47521,21.90215]]],[[[90.11033,21.89838],[90.11469,21.92582],[90.10791,21.91549],[90.11033,21.89838]]],[[[90.13332,21.9288],[90.14462,21.92973],[90.14147,21.93572],[90.14283,21.93145],[90.13332,21.9288]]],[[[90.61003,21.96356],[90.60695,21.92382],[90.61481,21.94346],[90.61003,21.96356]]],[[[90.5437,21.97934],[90.54964,21.98369],[90.55041,21.98598],[90.54534,21.98514],[90.54294,21.98077],[90.5437,21.97934]]],[[[90.58729,21.98394],[90.56271,21.98594],[90.5194,21.94449],[90.50669,21.91608],[90.51713,21.89152],[90.55682,21.88083],[90.57703,21.8831],[90.60179,21.96757],[90.58682,21.97425],[90.58729,21.98394]]],[[[90.30049,21.95369],[90.3043,21.97524],[90.29436,21.99066],[90.27255,21.97812],[90.26372,21.95743],[90.25449,21.95071],[90.22337,21.98044],[90.21008,21.98364],[90.17424,21.97517],[90.15905,21.98116],[90.13668,21.95642],[90.1467,21.92868],[90.13959,21.92352],[90.11723,21.92478],[90.11906,21.90322],[90.14733,21.89502],[90.15731,21.91108],[90.17175,21.90891],[90.17933,21.92683],[90.19336,21.93336],[90.19742,21.94731],[90.19634,21.93372],[90.18199,21.92662],[90.1727,21.90663],[90.16054,21.91028],[90.14886,21.89257],[90.11797,21.8994],[90.11047,21.87853],[90.08541,21.8588],[90.08548,21.83927],[90.10628,21.81946],[90.15903,21.80113],[90.18214,21.79737],[90.21948,21.80621],[90.25865,21.84404],[90.26416,21.87673],[90.30049,21.95369]]],[[[90.55773,21.99376],[90.56565,22.00917],[90.55461,21.99787],[90.55773,21.99376]]],[[[90.58245,22.02254],[90.56714,21.99273],[90.58983,21.98687],[90.5927,21.99605],[90.58245,22.02254]]],[[[90.34998,22.04499],[90.34917,22.05151],[90.343,22.04435],[90.3467,22.04052],[90.34998,22.04499]]],[[[90.36683,22.04125],[90.37705,22.0518],[90.36878,22.04931],[90.36683,22.04125]]],[[[90.38823,22.0372],[90.39126,22.04466],[90.3809,22.05353],[90.33954,21.99129],[90.38823,22.0372]]],[[[90.48448,21.98762],[90.47877,22.0327],[90.46616,22.05427],[90.41914,22.03282],[90.35611,21.97913],[90.3068,21.88317],[90.31339,21.85452],[90.32664,21.84684],[90.34985,21.84938],[90.37499,21.86835],[90.35508,21.91556],[90.3717,21.88506],[90.39318,21.87069],[90.38655,21.8629],[90.40861,21.894],[90.46452,21.91885],[90.49838,21.96025],[90.48448,21.98762]]],[[[90.46948,22.05446],[90.46911,22.05727],[90.46801,22.05524],[90.46948,22.05446]]],[[[90.39106,22.03922],[90.40727,22.05884],[90.39808,22.05313],[90.39281,22.04603],[90.39106,22.03922]]],[[[90.44423,22.05447],[90.44821,22.05882],[90.44727,22.06342],[90.44393,22.062],[90.44288,22.05591],[90.44423,22.05447]]],[[[90.48454,22.032],[90.47913,22.06477],[90.47511,22.0508],[90.48454,22.032]]],[[[90.45199,22.05648],[90.46015,22.06267],[90.45844,22.06787],[90.45125,22.0658],[90.45199,22.05648]]],[[[90.39928,22.05519],[90.42406,22.07846],[90.39254,22.08581],[90.36544,22.06144],[90.34016,22.02227],[90.34242,22.00279],[90.35166,22.01042],[90.36798,22.04964],[90.38197,22.05499],[90.39233,22.04744],[90.39928,22.05519]]],[[[90.50045,22.13424],[90.50555,22.13989],[90.49831,22.13834],[90.50045,22.13424]]],[[[90.38966,22.13112],[90.39703,22.14186],[90.39004,22.1392],[90.38966,22.13112]]],[[[90.58555,22.18478],[90.56687,22.17925],[90.53865,22.13536],[90.48513,22.07374],[90.48113,22.04928],[90.48761,22.02574],[90.50549,22.02889],[90.48469,22.01377],[90.50405,21.95888],[90.57856,22.05148],[90.58585,22.08736],[90.58097,22.12132],[90.58466,22.14019],[90.57002,22.15168],[90.58555,22.18478]]],[[[90.53905,22.17608],[90.54272,22.17995],[90.54517,22.19912],[90.5439,22.20098],[90.53821,22.18991],[90.53663,22.17973],[90.53713,22.17686],[90.53905,22.17608]]],[[[90.56747,22.20313],[90.57463,22.20906],[90.57824,22.22853],[90.56747,22.20313]]],[[[90.57001,22.19229],[90.58534,22.21016],[90.58723,22.23889],[90.57802,22.23471],[90.57566,22.20912],[90.56624,22.19636],[90.57001,22.19229]]],[[[90.62154,22.24348],[90.58896,22.2407],[90.59204,22.2272],[90.57741,22.19116],[90.58676,22.18904],[90.62154,22.24348]]],[[[90.64876,22.28623],[90.6525,22.28944],[90.64644,22.30512],[90.61336,22.25995],[90.62267,22.26081],[90.64876,22.28623]]],[[[90.61021,22.47257],[90.60903,22.48341],[90.60106,22.46607],[90.61021,22.47257]]],[[[90.14742,21.97477],[90.15882,21.98422],[90.17263,21.97737],[90.21385,21.98578],[90.25678,21.95363],[90.26471,21.97642],[90.28381,21.99274],[90.27172,22.02125],[90.28702,21.99367],[90.30755,21.98225],[90.33164,22.04689],[90.37768,22.08288],[90.37469,22.11416],[90.38552,22.13734],[90.39854,22.14756],[90.39943,22.17343],[90.43672,22.19113],[90.43208,22.18154],[90.4042,22.16953],[90.40509,22.14281],[90.38722,22.1191],[90.39109,22.08916],[90.43204,22.07787],[90.46507,22.10914],[90.49714,22.1547],[90.48388,22.20643],[90.50102,22.21665],[90.48507,22.20541],[90.50342,22.16649],[90.51844,22.17648],[90.53295,22.21148],[90.58984,22.26129],[90.61573,22.3245],[90.61441,22.31121],[90.63084,22.31199],[90.61809,22.29508],[90.61762,22.27405],[90.63567,22.28879],[90.64618,22.30668],[90.64335,22.31392],[90.66069,22.31747],[90.65688,22.38386],[90.64315,22.38097],[90.64088,22.41211],[90.62223,22.44672],[90.63981,22.41821],[90.64456,22.4519],[90.61754,22.47581],[90.59568,22.44713],[90.59178,22.42482],[90.616,22.40475],[90.60789,22.40412],[90.5863,22.42841],[90.59117,22.45459],[90.60501,22.47706],[90.58765,22.50819],[90.598,22.48648],[90.60633,22.47963],[90.60947,22.48717],[90.58206,22.53398],[90.59053,22.52371],[90.59094,22.53025],[90.57772,22.54285],[90.53937,22.56334],[90.51547,22.55968],[90.51351,22.55219],[90.52872,22.54725],[90.51239,22.53409],[90.50119,22.54686],[90.47723,22.5323],[90.45718,22.53573],[90.4394,22.50859],[90.43944,22.48061],[90.42722,22.46045],[90.40991,22.48129],[90.39183,22.48479],[90.36323,22.50436],[90.33577,22.46833],[90.31379,22.48371],[90.30754,22.47277],[90.29495,22.47424],[90.28575,22.46668],[90.2726,22.47458],[90.26139,22.46105],[90.22115,22.44848],[90.22385,22.43951],[90.21134,22.41816],[90.19492,22.41361],[90.18658,22.36634],[90.18052,22.36191],[90.1818,22.34742],[90.17794,22.33941],[90.16835,22.33859],[90.17594,22.3243],[90.13827,22.3431],[90.15045,22.322],[90.15939,22.3216],[90.1564,22.31037],[90.14561,22.31231],[90.14794,22.27301],[90.15862,22.24948],[90.18034,22.23496],[90.22496,22.21712],[90.23291,22.22799],[90.22543,22.23434],[90.2459,22.26172],[90.29012,22.2577],[90.28838,22.2475],[90.28262,22.24889],[90.28697,22.23504],[90.2917,22.23624],[90.28864,22.24333],[90.30303,22.24366],[90.334,22.26348],[90.3284,22.24539],[90.34963,22.23049],[90.35957,22.23171],[90.35815,22.2191],[90.36321,22.21525],[90.34799,22.20512],[90.35101,22.19642],[90.37189,22.19748],[90.33648,22.16498],[90.33707,22.13772],[90.34649,22.11015],[90.33309,22.10817],[90.32899,22.08521],[90.32537,22.09305],[90.31481,22.09197],[90.31791,22.08264],[90.2962,22.07644],[90.28842,22.06384],[90.27911,22.06441],[90.28917,22.05666],[90.27898,22.05154],[90.28295,22.04662],[90.27637,22.03089],[90.25462,22.03265],[90.24761,22.02016],[90.24064,22.03281],[90.22116,22.03452],[90.23928,22.04451],[90.22637,22.04793],[90.23392,22.0603],[90.2187,22.06377],[90.21298,22.07189],[90.20687,22.06921],[90.20009,22.07649],[90.20901,22.08407],[90.19687,22.09137],[90.1855,22.08414],[90.18658,22.06622],[90.19367,22.05858],[90.20004,22.06303],[90.20065,22.05326],[90.2113,22.04906],[90.21023,22.03089],[90.20018,22.02897],[90.20234,22.02179],[90.17857,22.02141],[90.18508,22.01229],[90.17835,22.00119],[90.19117,21.98469],[90.17246,21.9811],[90.1606,21.98754],[90.14742,21.97477]]],[[[90.57522,22.57046],[90.56822,22.57014],[90.57468,22.5712],[90.55774,22.58827],[90.55252,22.58658],[90.55729,22.56793],[90.58623,22.54736],[90.57522,22.57046]]],[[[90.53458,22.58373],[90.54867,22.56993],[90.538,22.58987],[90.53458,22.58373]]],[[[90.54678,22.59254],[90.55036,22.58736],[90.55716,22.58902],[90.55435,22.59264],[90.54678,22.59254]]]]}},{"type":"Feature","properties":{"code":"16705992B46028667424095","name_en":"Pirojpur"},"geometry":{"type":"MultiPolygon","coordinates":[[[[89.88929,22.15819],[89.89093,22.15827],[89.88774,22.16524],[89.88929,22.15819]]],[[[89.88587,22.17727],[89.89761,22.17827],[89.90719,22.15876],[89.93082,22.16257],[89.94211,22.17639],[89.95764,22.17142],[89.95882,22.18271],[89.96931,22.19166],[89.96388,22.20771],[89.96722,22.22046],[89.97497,22.20387],[89.98357,22.20638],[89.99082,22.19873],[89.99159,22.20961],[90.00053,22.21382],[89.99777,22.22869],[90.01871,22.2305],[90.02921,22.25983],[90.02025,22.27528],[90.02399,22.29311],[90.03919,22.30471],[90.04217,22.31769],[90.05317,22.31496],[90.04948,22.33367],[90.05586,22.35681],[90.03596,22.3752],[90.0337,22.36312],[90.019,22.37183],[90.02284,22.39447],[90.03879,22.40228],[90.02849,22.42021],[90.02729,22.44417],[90.03631,22.44862],[90.05998,22.44317],[90.05635,22.45597],[90.06359,22.46523],[90.07722,22.43994],[90.10071,22.44466],[90.10566,22.46192],[90.11039,22.45871],[90.12234,22.46704],[90.13399,22.4869],[90.12486,22.4899],[90.11685,22.503],[90.1137,22.49357],[90.10093,22.49964],[90.07908,22.48755],[90.07897,22.49562],[90.07038,22.50062],[90.07277,22.51156],[90.06288,22.50508],[90.06569,22.55276],[90.05594,22.57983],[90.06429,22.59485],[90.07883,22.58784],[90.10236,22.59631],[90.11011,22.60977],[90.0965,22.6396],[90.09721,22.65561],[90.13823,22.67361],[90.15814,22.71962],[90.18862,22.74395],[90.17715,22.75268],[90.16798,22.74744],[90.1668,22.76052],[90.15173,22.76295],[90.14448,22.75706],[90.14144,22.76862],[90.12269,22.77062],[90.11467,22.77808],[90.09902,22.77551],[90.10068,22.78206],[90.09422,22.7853],[90.07673,22.78482],[90.06818,22.80085],[90.05109,22.81019],[90.05444,22.8269],[90.02774,22.81755],[90.03475,22.86568],[90.01837,22.87104],[89.98728,22.86582],[89.96206,22.85293],[89.93887,22.86497],[89.94466,22.82605],[89.9155,22.80753],[89.914,22.79976],[89.92783,22.7966],[89.93826,22.78494],[89.92163,22.78415],[89.90447,22.77256],[89.91342,22.75236],[89.93138,22.75238],[89.932,22.72418],[89.90464,22.72585],[89.86141,22.69903],[89.86825,22.69155],[89.91663,22.69293],[89.93688,22.68022],[89.91388,22.65968],[89.89665,22.67496],[89.89011,22.66318],[89.92697,22.64182],[89.91998,22.60668],[89.96236,22.5932],[89.95424,22.55404],[89.92339,22.5103],[89.96463,22.50768],[89.96962,22.50144],[89.96473,22.49245],[89.95067,22.49212],[89.8921,22.50688],[89.8821,22.4972],[89.88409,22.48561],[89.89483,22.47573],[89.93067,22.4779],[89.94456,22.46638],[89.9336,22.4482],[89.90055,22.44355],[89.87102,22.41896],[89.90163,22.37301],[89.8954,22.34659],[89.86762,22.30457],[89.85786,22.26932],[89.86186,22.23347],[89.88587,22.17727]]]]}},{"type":"Feature","properties":{"code":"16705992B48875454234518","name_en":"Rajbari"},"geometry":{"type":"Polygon","coordinates":[[[89.8649,23.71887],[89.78091,23.7977],[89.77094,23.83329],[89.73274,23.83537],[89.69575,23.8145],[89.67244,23.80974],[89.58387,23.81444],[89.57153,23.80811],[89.51496,23.81864],[89.46859,23.83925],[89.40893,23.88173],[89.38522,23.90781],[89.3646,23.9107],[89.36514,23.89475],[89.35961,23.89177],[89.35695,23.89799],[89.35535,23.88594],[89.36322,23.8701],[89.35152,23.86064],[89.35133,23.84113],[89.33646,23.82875],[89.32696,23.79527],[89.3302,23.77854],[89.31107,23.77616],[89.31044,23.76847],[89.32305,23.76641],[89.31576,23.74799],[89.29816,23.73602],[89.31098,23.73107],[89.31165,23.7192],[89.32255,23.71316],[89.32171,23.70279],[89.348,23.68277],[89.34915,23.6711],[89.37516,23.66471],[89.3857,23.67651],[89.41201,23.68154],[89.43951,23.65885],[89.43975,23.64034],[89.48021,23.62745],[89.48218,23.62003],[89.47061,23.59713],[89.48423,23.59276],[89.49732,23.57906],[89.50838,23.59028],[89.52044,23.58695],[89.52938,23.57088],[89.54179,23.56864],[89.54637,23.55995],[89.55379,23.57081],[89.54203,23.57284],[89.54847,23.59133],[89.56124,23.59135],[89.56332,23.60354],[89.57231,23.60452],[89.59023,23.59377],[89.59886,23.59777],[89.59387,23.60508],[89.59767,23.60839],[89.60501,23.59505],[89.61924,23.58893],[89.64646,23.59086],[89.65668,23.60981],[89.66805,23.60741],[89.66976,23.58518],[89.71212,23.58887],[89.712,23.5968],[89.72662,23.58255],[89.74132,23.58322],[89.74067,23.58958],[89.75229,23.59008],[89.75465,23.59769],[89.72843,23.61898],[89.73042,23.65509],[89.72138,23.67268],[89.7323,23.67762],[89.7385,23.66626],[89.75573,23.66655],[89.75681,23.67837],[89.78984,23.68289],[89.79419,23.68786],[89.79136,23.71172],[89.81251,23.72196],[89.84637,23.70107],[89.84422,23.71303],[89.8649,23.71887]]]}},{"type":"Feature","properties":{"code":"16705992B51815672792645","name_en":"Rajshahi"},"geometry":{"type":"Polygon","coordinates":[[[88.86071,24.11183],[88.87124,24.12998],[88.88251,24.13013],[88.89093,24.14928],[88.90111,24.15224],[88.89237,24.15163],[88.8928,24.16204],[88.86054,24.166],[88.87258,24.17999],[88.86554,24.18573],[88.87619,24.20045],[88.86885,24.20888],[88.87469,24.21359],[88.8744,24.23476],[88.87857,24.23578],[88.8798,24.22534],[88.896,24.22891],[88.89986,24.24012],[88.91533,24.24059],[88.91763,24.25096],[88.90002,24.27106],[88.90268,24.29028],[88.87823,24.2927],[88.86629,24.31095],[88.85378,24.30454],[88.84681,24.31958],[88.85105,24.3261],[88.84679,24.34044],[88.86173,24.36362],[88.87269,24.35747],[88.87994,24.36551],[88.89348,24.36375],[88.89636,24.37875],[88.89007,24.38449],[88.90249,24.40728],[88.89709,24.43963],[88.90267,24.44652],[88.89315,24.45583],[88.90007,24.46421],[88.89278,24.47714],[88.90544,24.49783],[88.91035,24.49571],[88.9161,24.5045],[88.92546,24.50068],[88.9284,24.5109],[88.92388,24.51709],[88.89756,24.51149],[88.89428,24.52017],[88.88417,24.51588],[88.87952,24.5208],[88.88745,24.53061],[88.89797,24.52477],[88.89664,24.53497],[88.92101,24.54453],[88.94048,24.53588],[88.9631,24.55187],[88.96329,24.5836],[88.9529,24.57875],[88.94122,24.59154],[88.93372,24.58837],[88.9095,24.64329],[88.88994,24.63776],[88.87871,24.64257],[88.87934,24.63575],[88.85464,24.65843],[88.82206,24.65303],[88.81089,24.65806],[88.81408,24.67459],[88.80544,24.67573],[88.79791,24.68658],[88.77066,24.66763],[88.75678,24.67052],[88.74267,24.68346],[88.73535,24.66377],[88.72879,24.66635],[88.7231,24.6601],[88.72005,24.66787],[88.70142,24.66192],[88.70328,24.64672],[88.69518,24.63984],[88.70257,24.63822],[88.70606,24.62844],[88.69804,24.63087],[88.69547,24.62542],[88.69284,24.63548],[88.68267,24.637],[88.65651,24.62408],[88.64914,24.63134],[88.63882,24.61717],[88.63087,24.62769],[88.6361,24.63253],[88.62948,24.63171],[88.62364,24.64469],[88.63011,24.65124],[88.62962,24.67031],[88.62038,24.70179],[88.59352,24.69843],[88.591,24.68603],[88.57834,24.67624],[88.57123,24.68164],[88.58147,24.69896],[88.57602,24.6963],[88.56251,24.70532],[88.54604,24.7005],[88.51972,24.70749],[88.50557,24.71863],[88.48787,24.70652],[88.48973,24.69033],[88.48284,24.68125],[88.45992,24.68485],[88.45532,24.67789],[88.47294,24.66869],[88.4803,24.67875],[88.51126,24.68177],[88.51093,24.6722],[88.50142,24.67425],[88.50132,24.66656],[88.48815,24.66473],[88.49108,24.65672],[88.45828,24.6582],[88.4353,24.66676],[88.43399,24.65102],[88.41995,24.64906],[88.43037,24.64248],[88.42833,24.63435],[88.41799,24.63034],[88.42264,24.61588],[88.39011,24.59961],[88.3712,24.60283],[88.36911,24.59452],[88.35944,24.60295],[88.34495,24.58599],[88.33252,24.58721],[88.31828,24.56925],[88.30754,24.57094],[88.30649,24.56413],[88.30052,24.56493],[88.31207,24.52119],[88.30525,24.48145],[88.31499,24.46166],[88.33089,24.44763],[88.32751,24.43784],[88.29169,24.41636],[88.32827,24.38498],[88.35702,24.37366],[88.38939,24.37191],[88.43034,24.38377],[88.44633,24.37867],[88.49594,24.35449],[88.50786,24.34256],[88.52711,24.34447],[88.55505,24.29341],[88.56758,24.32671],[88.58709,24.3242],[88.58804,24.31198],[88.62367,24.3156],[88.6285,24.30519],[88.64889,24.31106],[88.65255,24.30519],[88.6589,24.31452],[88.70457,24.31278],[88.72474,24.29788],[88.73737,24.27012],[88.7409,24.25403],[88.73342,24.19388],[88.75722,24.16182],[88.78733,24.13301],[88.81735,24.12113],[88.84372,24.12588],[88.86071,24.11183]]]}},{"type":"Feature","properties":{"code":"16705992B35610473312733","name_en":"Rangamati"},"geometry":{"type":"Polygon","coordinates":[[[92.61391,21.85191],[92.62063,21.86185],[92.6316,21.86299],[92.63434,21.87544],[92.62152,21.92091],[92.61349,21.92177],[92.6103,21.92919],[92.61753,21.94033],[92.6107,21.94637],[92.61323,21.9586],[92.60315,21.98121],[92.61267,21.99138],[92.59743,22.01196],[92.60054,22.02248],[92.59264,22.04113],[92.59911,22.04241],[92.60264,22.06186],[92.59226,22.06565],[92.57516,22.1162],[92.56251,22.12827],[92.56584,22.13504],[92.57638,22.13596],[92.5782,22.1436],[92.59188,22.13953],[92.58889,22.13195],[92.59401,22.12559],[92.60548,22.12331],[92.61095,22.13854],[92.60928,22.16421],[92.60684,22.1728],[92.59506,22.17547],[92.59475,22.20442],[92.58802,22.21601],[92.59073,22.25527],[92.58099,22.26928],[92.58653,22.2804],[92.58183,22.28184],[92.58347,22.30414],[92.57769,22.31201],[92.58122,22.3218],[92.57434,22.33212],[92.57211,22.35923],[92.55934,22.38208],[92.55797,22.40889],[92.55205,22.40903],[92.55079,22.4228],[92.55639,22.42523],[92.55124,22.42762],[92.55531,22.42895],[92.54328,22.49016],[92.54958,22.49834],[92.54261,22.49854],[92.54915,22.50131],[92.55093,22.51004],[92.5465,22.51037],[92.55118,22.51373],[92.5433,22.51401],[92.53981,22.54086],[92.52177,22.56025],[92.52738,22.57323],[92.53808,22.57531],[92.53838,22.58604],[92.53248,22.58792],[92.53917,22.58965],[92.53049,22.60343],[92.53524,22.61185],[92.52748,22.62098],[92.53227,22.63332],[92.52448,22.64073],[92.52857,22.66577],[92.51377,22.70893],[92.51653,22.72239],[92.5051,22.73958],[92.47387,22.74635],[92.47936,22.75392],[92.46932,22.78213],[92.47222,22.79576],[92.45401,22.82018],[92.46181,22.83077],[92.45264,22.84274],[92.46206,22.84127],[92.45673,22.85058],[92.46434,22.8547],[92.45213,22.86301],[92.46017,22.87108],[92.44821,22.87703],[92.44939,22.89468],[92.44574,22.89746],[92.43418,22.88567],[92.41927,22.91936],[92.41226,22.91379],[92.4036,22.91821],[92.40133,22.912],[92.39783,22.92943],[92.37648,22.92876],[92.3717,22.93621],[92.37788,22.95177],[92.37431,22.9701],[92.38442,22.98184],[92.38227,23.03334],[92.39225,23.0565],[92.38,23.08629],[92.37502,23.08466],[92.36977,23.09683],[92.35786,23.10353],[92.36802,23.12754],[92.35682,23.13427],[92.36413,23.15656],[92.35437,23.17882],[92.36112,23.18279],[92.35332,23.18586],[92.35335,23.2243],[92.34671,23.23579],[92.40403,23.24062],[92.39564,23.25006],[92.39839,23.25579],[92.38952,23.25949],[92.38872,23.26636],[92.39458,23.26449],[92.38799,23.28153],[92.38093,23.28528],[92.38569,23.30626],[92.37561,23.32021],[92.36784,23.32316],[92.36795,23.3173],[92.36425,23.32326],[92.38079,23.35169],[92.37905,23.36211],[92.36924,23.36723],[92.37065,23.37358],[92.3639,23.36626],[92.35611,23.37275],[92.36488,23.37971],[92.35256,23.3812],[92.35871,23.39082],[92.3544,23.38946],[92.35292,23.39948],[92.35734,23.41062],[92.34752,23.41332],[92.34626,23.43341],[92.33346,23.429],[92.32699,23.44856],[92.33326,23.4565],[92.32527,23.45924],[92.33168,23.46635],[92.31702,23.47181],[92.32615,23.47888],[92.31603,23.48698],[92.32271,23.50103],[92.31724,23.51752],[92.31353,23.51535],[92.31782,23.52625],[92.30616,23.53517],[92.31325,23.5567],[92.30668,23.56451],[92.3081,23.57776],[92.30183,23.5922],[92.29673,23.58815],[92.28712,23.59615],[92.28724,23.61684],[92.29585,23.62148],[92.2806,23.6307],[92.27877,23.62495],[92.28171,23.6387],[92.27294,23.64173],[92.29134,23.68129],[92.28926,23.70198],[92.26599,23.72473],[92.24108,23.72051],[92.23659,23.71349],[92.24219,23.69484],[92.23202,23.68478],[92.23318,23.66764],[92.2227,23.65301],[92.21146,23.65315],[92.20581,23.67234],[92.21378,23.68514],[92.20697,23.70065],[92.18608,23.71107],[92.17768,23.70767],[92.16959,23.72337],[92.17206,23.73818],[92.16235,23.73971],[92.1442,23.73322],[92.12378,23.69575],[92.10618,23.68877],[92.0997,23.67679],[92.08307,23.68013],[92.0763,23.66805],[92.07926,23.6487],[92.07379,23.64759],[92.11565,23.55599],[92.13697,23.43043],[92.12019,23.41296],[92.04839,23.36567],[92.12507,23.31899],[92.13393,23.20507],[92.18108,23.10195],[92.14255,23.08926],[92.13849,23.09554],[92.11535,23.08015],[92.07174,23.07269],[92.10471,23.0036],[92.11831,22.95861],[92.07007,22.93349],[92.05377,22.89432],[92.03996,22.88437],[92.01887,22.88401],[92.00067,22.84235],[91.98066,22.83433],[91.97595,22.78643],[92.00141,22.72681],[91.98995,22.71917],[91.96664,22.71779],[91.96254,22.69104],[91.92755,22.68871],[91.92573,22.68037],[91.94305,22.66869],[91.93243,22.6524],[91.945,22.61185],[91.94133,22.60695],[91.95588,22.58966],[91.959,22.5654],[91.96933,22.54784],[91.97154,22.51935],[91.97822,22.50782],[91.97037,22.49531],[91.98938,22.4902],[91.98124,22.48896],[91.98087,22.48324],[91.99965,22.48612],[92.006,22.49687],[92.01617,22.49923],[92.02157,22.50926],[92.01748,22.51825],[92.02808,22.52775],[92.01471,22.54877],[92.01752,22.56899],[92.00641,22.58163],[92.01286,22.60494],[92.03134,22.61088],[92.03745,22.62325],[92.04526,22.6071],[92.06032,22.61483],[92.08105,22.60899],[92.0758,22.59355],[92.10421,22.5701],[92.09908,22.55809],[92.10656,22.55679],[92.10783,22.52992],[92.1154,22.53114],[92.13334,22.47902],[92.13399,22.46412],[92.1282,22.45879],[92.14017,22.4501],[92.14278,22.43678],[92.11629,22.42327],[92.11855,22.41608],[92.09915,22.4004],[92.12039,22.36668],[92.13995,22.36752],[92.13322,22.34939],[92.18844,22.34637],[92.19762,22.34341],[92.19553,22.33228],[92.20826,22.33046],[92.26381,22.34389],[92.28089,22.35569],[92.36193,22.34086],[92.40031,22.31477],[92.46164,22.25645],[92.4834,22.22002],[92.49722,22.1533],[92.49862,22.11353],[92.52401,22.0247],[92.58573,21.88268],[92.61391,21.85191]]]}},{"type":"Feature","properties":{"code":"16705992B34260815515495","name_en":"Rangpur"},"geometry":{"type":"Polygon","coordinates":[[[89.28066,25.30135],[89.34276,25.3043],[89.34394,25.31976],[89.33639,25.31418],[89.33021,25.32193],[89.34631,25.32779],[89.34722,25.3365],[89.3402,25.33697],[89.34317,25.36687],[89.35496,25.37291],[89.3508,25.37878],[89.3646,25.39007],[89.36571,25.40286],[89.37836,25.40982],[89.37796,25.42426],[89.38359,25.42871],[89.37789,25.43219],[89.38034,25.44375],[89.39141,25.44184],[89.39928,25.46456],[89.41518,25.46276],[89.42562,25.4759],[89.43013,25.47424],[89.43364,25.48714],[89.4421,25.48832],[89.43979,25.5121],[89.45052,25.51765],[89.43404,25.5205],[89.44322,25.52763],[89.43784,25.52712],[89.43792,25.53846],[89.42853,25.53161],[89.42578,25.53699],[89.41837,25.52856],[89.41218,25.53628],[89.40258,25.53431],[89.41178,25.54161],[89.40493,25.54727],[89.41329,25.54944],[89.40462,25.55015],[89.41288,25.58835],[89.43434,25.59201],[89.4428,25.5844],[89.47101,25.59872],[89.48755,25.57587],[89.49406,25.57616],[89.49825,25.58574],[89.48844,25.5999],[89.49446,25.6147],[89.5029,25.61154],[89.49707,25.62222],[89.5082,25.61822],[89.52186,25.62298],[89.52253,25.63395],[89.53589,25.64899],[89.53079,25.65499],[89.53084,25.64892],[89.51869,25.64416],[89.51523,25.70695],[89.50825,25.7173],[89.49197,25.71343],[89.48495,25.7277],[89.49827,25.73017],[89.50042,25.74589],[89.48082,25.7531],[89.46276,25.78625],[89.44697,25.78419],[89.42946,25.7883],[89.42939,25.79518],[89.38572,25.79807],[89.3713,25.81003],[89.37061,25.81751],[89.34751,25.82111],[89.3475,25.82806],[89.33444,25.83751],[89.3348,25.85036],[89.30547,25.86676],[89.28177,25.89624],[89.26408,25.8904],[89.25891,25.89754],[89.23483,25.90467],[89.20058,25.9456],[89.19205,25.94261],[89.1795,25.95271],[89.15636,25.95358],[89.14184,25.96417],[89.12536,25.96052],[89.10968,25.96618],[89.10211,25.93954],[89.09423,25.93672],[89.10421,25.9347],[89.09925,25.89756],[89.11628,25.88612],[89.09629,25.86192],[89.10049,25.85137],[89.08728,25.84588],[89.0905,25.8268],[89.06201,25.8341],[89.04283,25.81258],[89.01405,25.81967],[89.00199,25.81568],[89.00469,25.81234],[88.99034,25.81418],[88.98572,25.8074],[88.95669,25.81383],[88.94302,25.80647],[88.94758,25.79999],[88.95461,25.80256],[88.96069,25.79206],[88.95506,25.78822],[88.96183,25.78433],[88.94552,25.77514],[88.94547,25.76414],[88.94045,25.76368],[88.94539,25.75258],[88.95344,25.75056],[88.95454,25.73952],[88.94659,25.74275],[88.94107,25.73433],[88.94621,25.72695],[88.93175,25.72179],[88.93032,25.71202],[88.94104,25.68321],[88.95526,25.67846],[88.9644,25.68305],[88.96773,25.67226],[88.97771,25.67054],[88.97625,25.65802],[88.99791,25.65815],[89.00165,25.64992],[88.99128,25.64218],[89.00297,25.63367],[88.99919,25.62],[89.01069,25.61872],[89.01601,25.60251],[89.03831,25.60398],[89.04468,25.59828],[89.04467,25.58377],[89.06091,25.58834],[89.10382,25.56929],[89.09338,25.54563],[89.1048,25.53436],[89.10388,25.51619],[89.11076,25.51386],[89.10472,25.51177],[89.11479,25.50673],[89.10683,25.50832],[89.11108,25.50287],[89.1039,25.49981],[89.10295,25.48965],[89.10824,25.48693],[89.10402,25.48441],[89.11168,25.48113],[89.10459,25.47443],[89.11508,25.46136],[89.12341,25.4688],[89.12164,25.46052],[89.13034,25.45823],[89.11527,25.45353],[89.12994,25.44487],[89.138,25.44689],[89.13248,25.44103],[89.14851,25.43395],[89.15114,25.41291],[89.1377,25.41214],[89.15404,25.41],[89.15816,25.40365],[89.15177,25.40347],[89.16262,25.40541],[89.16473,25.39992],[89.17182,25.40522],[89.18809,25.38646],[89.20171,25.38917],[89.20205,25.3941],[89.21709,25.37666],[89.2065,25.36808],[89.20969,25.36447],[89.22543,25.36474],[89.22538,25.35789],[89.23365,25.36656],[89.23774,25.35767],[89.23334,25.35249],[89.24617,25.35243],[89.23389,25.34538],[89.23778,25.33973],[89.23049,25.3471],[89.22127,25.33235],[89.22673,25.33043],[89.23095,25.33839],[89.24543,25.33415],[89.23582,25.32602],[89.23782,25.31914],[89.25474,25.31551],[89.2632,25.32319],[89.26538,25.31868],[89.25678,25.31079],[89.26577,25.31309],[89.28066,25.30135]]]}},{"type":"Feature","properties":{"code":"16705992B60176987344662","name_en":"Satkhira"},"geometry":{"type":"MultiPolygon","coordinates":[[[[89.24623,21.68914],[89.23022,21.7006],[89.22415,21.6986],[89.20906,21.66441],[89.21101,21.6527],[89.25866,21.6583],[89.26022,21.66727],[89.27738,21.66771],[89.29191,21.68307],[89.29044,21.69101],[89.27455,21.69578],[89.257,21.69672],[89.24623,21.68914]]],[[[89.27572,21.75552],[89.24517,21.75592],[89.22139,21.74708],[89.22568,21.70491],[89.23361,21.70441],[89.23753,21.69535],[89.24781,21.69199],[89.28057,21.70624],[89.2885,21.73167],[89.2848,21.74904],[89.27572,21.75552]]],[[[89.21205,21.82177],[89.19292,21.82604],[89.18455,21.81663],[89.19016,21.81088],[89.19225,21.78622],[89.21864,21.75223],[89.26199,21.76146],[89.28661,21.75478],[89.28179,21.7928],[89.25784,21.79452],[89.23925,21.81372],[89.2348,21.81101],[89.23236,21.82072],[89.21205,21.82177]]],[[[89.27093,21.8175],[89.2665,21.83197],[89.25867,21.83251],[89.25206,21.81761],[89.23365,21.8165],[89.25734,21.79712],[89.28118,21.79414],[89.27093,21.8175]]],[[[89.10432,21.78113],[89.08429,21.79579],[89.07702,21.81158],[89.08362,21.85698],[89.06145,21.88391],[89.05902,21.91991],[89.03726,21.92019],[89.03381,21.89511],[89.05265,21.87798],[89.0606,21.85331],[89.04493,21.78673],[89.06762,21.77338],[89.10711,21.72263],[89.13576,21.72197],[89.14701,21.73742],[89.14409,21.75395],[89.13397,21.75748],[89.13036,21.76989],[89.10432,21.78113]]],[[[89.30098,21.83806],[89.30634,21.85687],[89.32303,21.87898],[89.35982,21.90007],[89.3482,21.94228],[89.30636,21.99804],[89.28879,21.98828],[89.30155,21.98296],[89.30349,21.97283],[89.29341,21.96339],[89.29822,21.95589],[89.29037,21.95135],[89.29001,21.94051],[89.32115,21.91698],[89.29083,21.87899],[89.30806,21.8696],[89.29407,21.83942],[89.28123,21.83568],[89.29723,21.81854],[89.30098,21.83806]]],[[[89.1853,22.02191],[89.16499,22.0207],[89.1713,21.9957],[89.14308,21.96175],[89.14279,21.93831],[89.15492,21.92513],[89.17696,21.92628],[89.18119,21.93574],[89.1645,21.94465],[89.16918,21.95499],[89.16552,21.94456],[89.18259,21.93612],[89.18093,21.92563],[89.21071,21.91836],[89.21361,21.90887],[89.20154,21.88605],[89.19398,21.82898],[89.2492,21.8182],[89.25896,21.8401],[89.25726,21.85935],[89.23964,21.86605],[89.25843,21.86041],[89.25564,21.8342],[89.26306,21.83557],[89.27378,21.85393],[89.26895,21.88315],[89.24733,21.88731],[89.23169,21.87666],[89.22937,21.88667],[89.23342,21.88992],[89.23078,21.87756],[89.24509,21.88807],[89.26942,21.8843],[89.28504,21.90537],[89.25385,21.90924],[89.24073,21.92869],[89.21071,21.93516],[89.20185,21.94897],[89.20463,21.96233],[89.24273,21.98559],[89.19491,22.00258],[89.1853,22.02191]]],[[[89.12373,22.04617],[89.13612,22.06632],[89.12855,22.07276],[89.10481,22.04525],[89.09575,22.04932],[89.09353,22.04065],[89.09715,21.94025],[89.11552,21.95207],[89.10646,21.95916],[89.10616,21.97588],[89.11883,21.97949],[89.11539,21.99072],[89.13021,21.99812],[89.12736,22.02617],[89.11561,22.02968],[89.12373,22.04617]]],[[[89.14955,22.02811],[89.15119,22.05031],[89.1735,22.06225],[89.14949,22.07667],[89.13033,22.05982],[89.1175,22.03197],[89.12792,22.02695],[89.13338,22.00777],[89.1306,21.99639],[89.11602,21.98793],[89.12085,21.979],[89.10778,21.97571],[89.10832,21.95982],[89.11693,21.95107],[89.09744,21.93804],[89.09223,21.94845],[89.08439,21.92684],[89.10551,21.92321],[89.12949,21.94497],[89.10768,21.92284],[89.08372,21.92432],[89.0798,21.90367],[89.09846,21.87749],[89.10299,21.82605],[89.11615,21.81712],[89.11449,21.84126],[89.12997,21.84852],[89.11873,21.87587],[89.12652,21.88729],[89.12236,21.89178],[89.12778,21.88847],[89.12064,21.87524],[89.13245,21.84944],[89.11667,21.84219],[89.11849,21.81732],[89.10265,21.82206],[89.09909,21.81372],[89.15173,21.79493],[89.16756,21.80308],[89.17923,21.83879],[89.16252,21.84926],[89.16253,21.86234],[89.15149,21.85981],[89.15445,21.8725],[89.14222,21.87513],[89.14545,21.88014],[89.14325,21.87368],[89.15558,21.87346],[89.15181,21.86152],[89.16408,21.86224],[89.1635,21.85019],[89.17194,21.84837],[89.18235,21.83424],[89.18504,21.87398],[89.20114,21.91268],[89.15407,21.91369],[89.13939,21.92239],[89.13287,21.96287],[89.16308,21.99516],[89.14955,22.02811]]],[[[89.26135,22.08076],[89.24801,22.09505],[89.23075,22.1001],[89.22551,22.09598],[89.24837,22.07397],[89.25361,22.06037],[89.21934,22.0082],[89.24867,21.99132],[89.25077,21.98101],[89.2099,21.95205],[89.23604,21.94168],[89.2304,21.95019],[89.24719,21.95363],[89.26118,21.96583],[89.25571,21.97298],[89.26508,21.97731],[89.26305,21.99764],[89.26581,21.97766],[89.25667,21.97336],[89.26247,21.96582],[89.24535,21.95178],[89.23196,21.94917],[89.26007,21.91657],[89.27901,21.91998],[89.26121,21.94393],[89.29442,21.91046],[89.29265,21.89214],[89.2778,21.8753],[89.28421,21.84267],[89.29307,21.84137],[89.29607,21.85721],[89.30643,21.86978],[89.28981,21.88051],[89.31949,21.91845],[89.29911,21.92745],[89.28875,21.9395],[89.28866,21.94943],[89.29608,21.95469],[89.29224,21.9629],[89.30217,21.97246],[89.29987,21.98235],[89.28722,21.98817],[89.30561,22.00061],[89.27727,22.05931],[89.29562,22.08532],[89.26135,22.08076]]],[[[88.90859,22.91916],[88.89532,22.91325],[88.90979,22.8798],[88.92252,22.88024],[88.92793,22.87265],[88.94608,22.88008],[88.96851,22.84414],[88.96259,22.81824],[88.95543,22.81158],[88.95814,22.79639],[88.93805,22.7931],[88.93563,22.78198],[88.92387,22.77969],[88.92577,22.77001],[88.91893,22.77105],[88.91098,22.75786],[88.92092,22.7528],[88.91566,22.73667],[88.92792,22.71812],[88.95608,22.70413],[88.96232,22.69511],[88.96161,22.68535],[88.94782,22.67745],[88.94486,22.66232],[88.92852,22.65236],[88.93475,22.61823],[88.954,22.6211],[88.96076,22.61603],[88.93873,22.5917],[88.93821,22.56136],[88.96144,22.55002],[88.98039,22.48618],[88.99711,22.46969],[88.99094,22.44518],[89.0022,22.4289],[88.97349,22.40883],[88.99084,22.3907],[88.98291,22.37579],[88.98898,22.36404],[88.98551,22.32621],[89.00078,22.32371],[89.02534,22.29572],[88.99925,22.29609],[88.99579,22.2856],[89.0194,22.26897],[89.01602,22.25351],[89.03455,22.25798],[89.0418,22.22507],[89.07275,22.19881],[89.07648,22.18937],[89.06733,22.16892],[89.07538,22.14916],[89.0894,22.16219],[89.1019,22.15609],[89.09879,22.14323],[89.08081,22.13234],[89.04777,22.097],[89.05573,22.06467],[89.08692,22.05552],[89.09698,22.0942],[89.07664,22.10233],[89.08227,22.11433],[89.09438,22.11132],[89.09424,22.11915],[89.08419,22.12229],[89.09239,22.12618],[89.08501,22.12246],[89.09461,22.12002],[89.09539,22.1106],[89.08303,22.113],[89.0772,22.10219],[89.09834,22.09415],[89.09081,22.0589],[89.06768,22.05442],[89.08962,22.01857],[89.09389,22.05033],[89.10379,22.04734],[89.1192,22.07017],[89.12909,22.07375],[89.13893,22.06801],[89.14809,22.07793],[89.1158,22.12052],[89.11991,22.12984],[89.14054,22.12954],[89.12977,22.13581],[89.1258,22.15112],[89.10703,22.15632],[89.08517,22.18073],[89.10902,22.1584],[89.12634,22.15409],[89.13213,22.13686],[89.14381,22.13022],[89.13803,22.1239],[89.11938,22.126],[89.13124,22.10162],[89.14813,22.08696],[89.15985,22.0894],[89.1749,22.08164],[89.17856,22.1013],[89.19181,22.12005],[89.17154,22.12355],[89.1659,22.14714],[89.14376,22.15187],[89.13888,22.1642],[89.14618,22.18289],[89.15722,22.19181],[89.16037,22.20796],[89.15859,22.19113],[89.14214,22.16907],[89.14317,22.15585],[89.1643,22.15138],[89.17367,22.12438],[89.19409,22.1185],[89.18074,22.10104],[89.17772,22.08082],[89.15034,22.08492],[89.17865,22.06487],[89.15491,22.03793],[89.16329,22.02788],[89.18703,22.02525],[89.20562,22.00243],[89.24538,22.05921],[89.23823,22.0736],[89.21645,22.08884],[89.20587,22.11975],[89.19147,22.1337],[89.19154,22.15491],[89.20546,22.14716],[89.20999,22.16457],[89.21972,22.17162],[89.2023,22.17806],[89.19701,22.1694],[89.1812,22.16484],[89.18726,22.18415],[89.18141,22.16664],[89.19871,22.17435],[89.19409,22.18867],[89.19994,22.21501],[89.18219,22.23158],[89.1929,22.22956],[89.19164,22.21993],[89.20155,22.21651],[89.19835,22.1824],[89.22207,22.17261],[89.21171,22.16213],[89.20854,22.14558],[89.19191,22.15086],[89.19573,22.1336],[89.2044,22.12841],[89.22432,22.13422],[89.21059,22.1388],[89.2128,22.14884],[89.2423,22.1612],[89.22362,22.19995],[89.24906,22.22729],[89.25259,22.22491],[89.22728,22.19987],[89.24607,22.16039],[89.2277,22.15624],[89.21354,22.14477],[89.22707,22.13418],[89.20773,22.1268],[89.21852,22.09746],[89.23284,22.10469],[89.25113,22.10139],[89.26446,22.11255],[89.2609,22.16798],[89.26548,22.13713],[89.28059,22.16065],[89.31165,22.18748],[89.30275,22.21664],[89.31138,22.2316],[89.292,22.25661],[89.31438,22.28366],[89.28084,22.2882],[89.27565,22.30979],[89.25102,22.3394],[89.25352,22.34568],[89.27298,22.34611],[89.2651,22.37593],[89.24588,22.36979],[89.24018,22.37424],[89.25493,22.40024],[89.2408,22.42831],[89.24465,22.44635],[89.25854,22.45235],[89.25842,22.46679],[89.28512,22.4773],[89.25581,22.49594],[89.24824,22.52997],[89.23417,22.55212],[89.24205,22.56773],[89.25875,22.57255],[89.26492,22.59509],[89.26194,22.60459],[89.24322,22.61036],[89.24512,22.61808],[89.25995,22.62129],[89.24318,22.63777],[89.25094,22.65711],[89.25956,22.65824],[89.26439,22.65161],[89.26395,22.63162],[89.28622,22.62073],[89.29052,22.62411],[89.27635,22.63139],[89.3017,22.64695],[89.2623,22.66885],[89.25987,22.71746],[89.27108,22.69841],[89.28645,22.6971],[89.30058,22.68297],[89.30953,22.69503],[89.30565,22.71369],[89.3295,22.71601],[89.33167,22.72884],[89.31064,22.75016],[89.31014,22.76221],[89.29888,22.77201],[89.2987,22.78795],[89.28979,22.79484],[89.27079,22.79064],[89.26499,22.81317],[89.24804,22.81144],[89.24561,22.81635],[89.25636,22.83134],[89.25304,22.83697],[89.23585,22.8339],[89.23241,22.82497],[89.19682,22.81101],[89.18635,22.81596],[89.17876,22.81262],[89.17206,22.82018],[89.1632,22.80226],[89.14435,22.79746],[89.14266,22.80573],[89.15824,22.81219],[89.15831,22.82573],[89.14772,22.836],[89.14515,22.82673],[89.13716,22.82749],[89.12543,22.84168],[89.12877,22.87078],[89.11052,22.89356],[89.11734,22.90388],[89.13756,22.89054],[89.14159,22.89841],[89.12542,22.92792],[89.11158,22.93319],[89.11387,22.9443],[89.10076,22.93839],[89.10758,22.9308],[89.10142,22.92271],[89.07831,22.93889],[89.04978,22.93026],[89.04246,22.94193],[89.03438,22.93026],[89.01282,22.94682],[88.9857,22.94159],[88.992,22.91607],[88.97564,22.92208],[88.97426,22.91627],[88.97019,22.92127],[88.95545,22.91341],[88.94882,22.9223],[88.93596,22.91195],[88.92898,22.91991],[88.91803,22.91319],[88.91862,22.92473],[88.90859,22.91916]]]]}},{"type":"Feature","properties":{"code":"16705992B92388810566131","name_en":"Shariatpur"},"geometry":{"type":"MultiPolygon","coordinates":[[[[90.45837,23.00404],[90.45665,23.00606],[90.45174,23.00632],[90.45317,23.00409],[90.45837,23.00404]]],[[[90.45747,23.0105],[90.45928,23.01188],[90.45913,23.01379],[90.45251,23.0119],[90.45747,23.0105]]],[[[90.48981,23.02253],[90.47771,23.01628],[90.47571,23.00758],[90.48922,23.01395],[90.48981,23.02253]]],[[[90.53578,23.07105],[90.53675,23.0741],[90.53536,23.07539],[90.5324,23.07128],[90.53578,23.07105]]],[[[90.52819,23.07156],[90.52764,23.08259],[90.52242,23.07212],[90.52819,23.07156]]],[[[90.55171,23.10043],[90.55344,23.10602],[90.54321,23.09468],[90.51497,23.08626],[90.51562,23.08038],[90.51979,23.07669],[90.54316,23.093],[90.54132,23.08689],[90.55171,23.10043]]],[[[90.51592,23.32274],[90.51404,23.32227],[90.51669,23.32095],[90.52277,23.32212],[90.51592,23.32274]]],[[[90.50874,23.32318],[90.49961,23.32268],[90.51409,23.31791],[90.50473,23.32151],[90.50874,23.32318]]],[[[90.56527,23.32428],[90.56643,23.32829],[90.56322,23.3283],[90.56165,23.32558],[90.56527,23.32428]]],[[[90.56978,23.32456],[90.57811,23.32452],[90.58372,23.32947],[90.57958,23.33068],[90.57145,23.32827],[90.56901,23.32709],[90.5677,23.32461],[90.56867,23.32409],[90.56978,23.32456]]],[[[90.54206,23.33295],[90.53304,23.33443],[90.53054,23.3244],[90.54608,23.32167],[90.54869,23.32668],[90.5561,23.32192],[90.55897,23.32808],[90.55209,23.32815],[90.57248,23.33358],[90.54206,23.33295]]],[[[90.49851,23.06904],[90.51338,23.10281],[90.57172,23.15242],[90.60776,23.21353],[90.59592,23.22729],[90.5981,23.23247],[90.57102,23.25239],[90.54564,23.28346],[90.54086,23.28405],[90.54146,23.27855],[90.5263,23.29361],[90.50211,23.30187],[90.50428,23.31571],[90.48996,23.32457],[90.52483,23.32582],[90.52745,23.33489],[90.50584,23.33356],[90.53479,23.33917],[90.59067,23.33595],[90.5835,23.3503],[90.54681,23.36742],[90.53869,23.37935],[90.4987,23.40436],[90.43196,23.41631],[90.43255,23.40883],[90.42217,23.40672],[90.42174,23.40129],[90.41052,23.40515],[90.40392,23.40005],[90.39574,23.41139],[90.38858,23.41056],[90.36022,23.43],[90.32209,23.43781],[90.30174,23.45161],[90.28138,23.44651],[90.2712,23.4269],[90.24523,23.42762],[90.23814,23.41725],[90.22055,23.41138],[90.22403,23.39671],[90.24121,23.39412],[90.26446,23.37925],[90.24536,23.37759],[90.2327,23.36202],[90.24838,23.34939],[90.24717,23.34316],[90.2279,23.33269],[90.24402,23.31684],[90.22765,23.26345],[90.23916,23.25366],[90.2418,23.23102],[90.25031,23.23498],[90.24719,23.21653],[90.26594,23.20975],[90.27364,23.19587],[90.28377,23.1972],[90.29241,23.14541],[90.30799,23.14475],[90.30922,23.13226],[90.3545,23.13895],[90.3463,23.11864],[90.35316,23.11478],[90.35138,23.09312],[90.33616,23.06961],[90.34879,23.05675],[90.38343,23.05626],[90.38461,23.05111],[90.42142,23.04009],[90.42225,23.0296],[90.40719,23.0163],[90.40789,23.00708],[90.45736,23.01541],[90.46003,23.02917],[90.46237,23.01908],[90.49122,23.03429],[90.49782,23.04876],[90.48739,23.05021],[90.4826,23.06563],[90.49851,23.06904]]]]}},{"type":"Feature","properties":{"code":"16705992B90842308963557","name_en":"Sherpur"},"geometry":{"type":"Polygon","coordinates":[[[90.19493,24.88526],[90.22225,24.881],[90.23574,24.88618],[90.24558,24.92541],[90.2321,24.94456],[90.25777,24.94552],[90.25492,24.9574],[90.24116,24.96256],[90.24322,24.9674],[90.23737,24.96956],[90.23457,24.96424],[90.22642,24.97121],[90.24109,25.00821],[90.2398,25.02019],[90.23308,25.02442],[90.23731,25.05254],[90.24549,25.05238],[90.25628,25.06473],[90.26381,25.05164],[90.27948,25.05608],[90.28632,25.067],[90.2843,25.07874],[90.30484,25.07908],[90.29748,25.0908],[90.28525,25.08236],[90.2773,25.09364],[90.26243,25.09828],[90.26522,25.13636],[90.26984,25.1383],[90.25961,25.16227],[90.26422,25.19639],[90.23393,25.20502],[90.22548,25.20057],[90.17142,25.22317],[90.11806,25.22357],[90.07407,25.24406],[90.05446,25.26146],[90.03367,25.26239],[90.0042,25.28063],[89.9807,25.28098],[89.97688,25.29708],[89.96659,25.30382],[89.93617,25.29005],[89.93129,25.26069],[89.90491,25.26437],[89.89942,25.22617],[89.88935,25.21426],[89.88469,25.18706],[89.91045,25.17169],[89.90118,25.16231],[89.8948,25.11326],[89.91463,25.08924],[89.91131,25.07223],[89.92522,25.06277],[89.90479,25.04384],[89.90493,25.03381],[89.88186,25.03504],[89.87983,25.01989],[89.89245,25.01876],[89.89256,24.98884],[89.90452,24.98556],[89.90394,24.95802],[89.93769,24.95954],[89.94787,24.92955],[89.98138,24.9169],[89.99637,24.92291],[90.00554,24.91297],[90.02807,24.90879],[90.03807,24.91877],[90.03269,24.90963],[90.10867,24.90848],[90.13267,24.89889],[90.15454,24.90486],[90.15875,24.8929],[90.19493,24.88526]]]}},{"type":"Feature","properties":{"code":"16705992B55394931042500","name_en":"Sirajganj"},"geometry":{"type":"Polygon","coordinates":[[[89.33903,24.55946],[89.33775,24.54425],[89.30461,24.50745],[89.30563,24.49953],[89.28734,24.48271],[89.28323,24.48492],[89.28116,24.45646],[89.24831,24.43292],[89.25271,24.42381],[89.26693,24.42777],[89.28513,24.4205],[89.28336,24.37912],[89.29326,24.36483],[89.30015,24.36712],[89.31308,24.35098],[89.35351,24.34827],[89.36605,24.35387],[89.37829,24.34826],[89.37503,24.33831],[89.39757,24.3376],[89.40036,24.32152],[89.41833,24.32193],[89.42545,24.30705],[89.41906,24.3045],[89.41756,24.29269],[89.4293,24.26701],[89.4246,24.25035],[89.43936,24.25236],[89.44799,24.26825],[89.46023,24.26209],[89.46322,24.25034],[89.45657,24.23378],[89.44584,24.23366],[89.45411,24.22767],[89.47113,24.23454],[89.47817,24.22937],[89.47347,24.21921],[89.46143,24.22457],[89.46943,24.20083],[89.48591,24.20375],[89.48954,24.21708],[89.50078,24.21707],[89.51021,24.19985],[89.52235,24.19725],[89.52508,24.19124],[89.51736,24.18912],[89.51773,24.17901],[89.53512,24.1728],[89.53326,24.16658],[89.5234,24.16877],[89.52941,24.15921],[89.52169,24.15424],[89.53292,24.13013],[89.54587,24.13148],[89.54697,24.12413],[89.54998,24.1297],[89.55745,24.12727],[89.5644,24.12212],[89.55542,24.119],[89.55936,24.11136],[89.59014,24.10791],[89.60466,24.09666],[89.61629,24.09697],[89.63,24.08333],[89.63709,24.08683],[89.68127,24.06203],[89.68302,24.03424],[89.69821,24.03871],[89.70301,24.02367],[89.72158,24.01353],[89.77462,24.02745],[89.81701,24.06358],[89.8249,24.08825],[89.81633,24.11819],[89.8211,24.13836],[89.80697,24.14873],[89.80257,24.1601],[89.78771,24.15795],[89.77998,24.16647],[89.79855,24.17516],[89.78304,24.23673],[89.79016,24.27602],[89.77421,24.30151],[89.77151,24.33035],[89.75167,24.35068],[89.75275,24.36083],[89.76599,24.37583],[89.74658,24.43054],[89.75517,24.45534],[89.74236,24.4557],[89.74238,24.47065],[89.75752,24.48303],[89.74741,24.48301],[89.75816,24.49955],[89.73411,24.51793],[89.73856,24.52306],[89.74757,24.52032],[89.74628,24.53731],[89.76993,24.54002],[89.77,24.56143],[89.78907,24.57229],[89.76503,24.61384],[89.76569,24.62334],[89.78503,24.62581],[89.78328,24.66917],[89.79916,24.67998],[89.79014,24.68642],[89.79249,24.70326],[89.78331,24.70393],[89.77371,24.71641],[89.77241,24.72399],[89.78337,24.72396],[89.79092,24.73517],[89.77714,24.74308],[89.78257,24.74892],[89.78002,24.76523],[89.77166,24.77292],[89.758,24.76718],[89.74136,24.77457],[89.73488,24.7611],[89.73286,24.77014],[89.72235,24.77505],[89.67999,24.78382],[89.67496,24.78168],[89.6738,24.76305],[89.66388,24.75465],[89.66665,24.74734],[89.65536,24.7464],[89.66076,24.72841],[89.63727,24.71665],[89.64579,24.70168],[89.62403,24.68547],[89.6174,24.68896],[89.61199,24.68385],[89.59172,24.70292],[89.56782,24.69379],[89.56375,24.71113],[89.55465,24.70428],[89.56203,24.68929],[89.55021,24.67751],[89.55434,24.66764],[89.54474,24.65371],[89.56199,24.65267],[89.55428,24.64075],[89.55938,24.62619],[89.55001,24.62397],[89.54941,24.61756],[89.58153,24.62056],[89.60245,24.60524],[89.60447,24.56982],[89.59144,24.55392],[89.5683,24.54681],[89.55532,24.55542],[89.55326,24.54816],[89.5465,24.54759],[89.53073,24.56346],[89.53224,24.547],[89.51996,24.53633],[89.52227,24.55156],[89.50848,24.55676],[89.48571,24.55688],[89.47285,24.55168],[89.47324,24.54381],[89.45966,24.54239],[89.4311,24.55081],[89.42494,24.56094],[89.40975,24.56099],[89.40317,24.55168],[89.39363,24.55183],[89.39199,24.55728],[89.34564,24.5589],[89.34537,24.56349],[89.33903,24.55946]]]}},{"type":"Feature","properties":{"code":"16705992B61059366245275","name_en":"Sunamganj"},"geometry":{"type":"Polygon","coordinates":[[[91.64913,24.67501],[91.65447,24.69497],[91.6472,24.69685],[91.64324,24.69124],[91.64387,24.69783],[91.66133,24.70063],[91.65275,24.71662],[91.65962,24.7238],[91.67207,24.71914],[91.67218,24.72929],[91.65957,24.74255],[91.67747,24.75812],[91.66331,24.77259],[91.64975,24.77042],[91.6486,24.78111],[91.63616,24.78045],[91.64729,24.78344],[91.6524,24.79351],[91.67514,24.78671],[91.67037,24.79082],[91.67691,24.79355],[91.67408,24.80657],[91.65825,24.80861],[91.65809,24.81608],[91.66255,24.81547],[91.65711,24.83392],[91.66144,24.82377],[91.66488,24.83514],[91.6573,24.84681],[91.67519,24.8572],[91.67376,24.87187],[91.68244,24.87005],[91.68499,24.86061],[91.69779,24.86677],[91.69583,24.87766],[91.68411,24.87818],[91.68348,24.88987],[91.67697,24.88978],[91.69486,24.90141],[91.68108,24.90478],[91.69512,24.91136],[91.68558,24.9155],[91.69386,24.92945],[91.6908,24.93826],[91.71371,24.94656],[91.70462,24.94951],[91.71227,24.96466],[91.69936,24.97523],[91.70363,24.98086],[91.66602,24.99864],[91.69663,24.99774],[91.66803,25.02302],[91.68098,25.02452],[91.67213,25.03917],[91.68741,25.04145],[91.68748,25.05797],[91.71005,25.06636],[91.73499,25.06536],[91.72903,25.06975],[91.73436,25.07564],[91.7185,25.09272],[91.72791,25.12912],[91.71901,25.12964],[91.71277,25.14696],[91.70098,25.15072],[91.69164,25.13722],[91.66796,25.13782],[91.66495,25.12855],[91.65269,25.13131],[91.64199,25.12317],[91.62692,25.12553],[91.62141,25.14352],[91.6016,25.1437],[91.60397,25.16755],[91.61536,25.16977],[91.60936,25.17714],[91.57697,25.1721],[91.57147,25.16537],[91.57626,25.16003],[91.56299,25.16077],[91.55715,25.14985],[91.50947,25.14755],[91.49959,25.13555],[91.47055,25.13375],[91.46416,25.13491],[91.47036,25.13983],[91.46855,25.15192],[91.44049,25.14975],[91.42495,25.15718],[91.41457,25.17124],[91.41085,25.16378],[91.39855,25.16457],[91.36844,25.17082],[91.36373,25.17817],[91.35366,25.17133],[91.35149,25.17592],[91.32694,25.1763],[91.31768,25.18379],[91.28648,25.18548],[91.29214,25.19344],[91.26795,25.20736],[91.25075,25.19578],[91.19461,25.20193],[91.12517,25.19412],[91.06957,25.19852],[91.06781,25.19164],[91.01903,25.18709],[90.96485,25.17188],[90.96229,25.16735],[90.97026,25.16058],[90.95223,25.14922],[90.94923,25.13725],[90.9559,25.11953],[90.94742,25.11383],[90.97109,25.09542],[90.96811,25.08887],[90.97466,25.07428],[90.95657,25.07044],[90.94418,25.08156],[90.92778,25.07799],[90.93574,25.06577],[90.92879,25.06312],[90.93286,25.04486],[90.95069,25.04494],[90.96503,25.0357],[90.93804,25.0283],[90.93405,25.01994],[90.93629,25.00906],[90.94743,25.00475],[90.94031,24.98608],[90.94366,24.97592],[90.96004,24.97278],[90.97317,24.95842],[90.96339,24.94187],[90.94914,24.93968],[90.95526,24.93954],[90.95329,24.91916],[90.96465,24.91139],[90.97065,24.91702],[90.99287,24.9141],[90.99806,24.89214],[91.0156,24.89855],[91.01762,24.88525],[91.02535,24.88849],[91.0294,24.88308],[91.04447,24.90814],[91.05384,24.90058],[91.07842,24.90003],[91.08881,24.88758],[91.09845,24.88959],[91.10889,24.87156],[91.10346,24.86366],[91.11381,24.84754],[91.1235,24.84872],[91.1304,24.8406],[91.12032,24.83721],[91.11249,24.81706],[91.13041,24.79284],[91.14456,24.79459],[91.14262,24.8006],[91.1528,24.80933],[91.14273,24.8254],[91.15296,24.83746],[91.17069,24.82696],[91.17215,24.80962],[91.1605,24.79193],[91.16883,24.7914],[91.17121,24.77994],[91.15832,24.76468],[91.13523,24.7572],[91.15934,24.74811],[91.15554,24.74096],[91.14726,24.74672],[91.15177,24.73004],[91.14133,24.72421],[91.15875,24.7249],[91.16305,24.71672],[91.16893,24.72496],[91.18027,24.72408],[91.20684,24.70898],[91.22528,24.72751],[91.22659,24.70663],[91.21972,24.70239],[91.24094,24.69156],[91.23859,24.67504],[91.22382,24.67522],[91.22253,24.66938],[91.23274,24.66643],[91.22605,24.65057],[91.20988,24.65246],[91.20474,24.63178],[91.19903,24.63432],[91.19371,24.62585],[91.17826,24.63029],[91.17885,24.61656],[91.20002,24.60941],[91.20431,24.59418],[91.19672,24.58881],[91.20706,24.58593],[91.20605,24.57704],[91.23396,24.56896],[91.26512,24.57975],[91.26459,24.59287],[91.27267,24.60566],[91.27356,24.59823],[91.29368,24.59716],[91.30815,24.63685],[91.30508,24.6544],[91.31284,24.64653],[91.34263,24.67349],[91.3506,24.66745],[91.35981,24.67931],[91.34864,24.68631],[91.35236,24.68979],[91.38006,24.69533],[91.39191,24.68766],[91.38608,24.68316],[91.39058,24.67391],[91.3986,24.67705],[91.40029,24.67066],[91.41379,24.67121],[91.416,24.6798],[91.4288,24.68223],[91.42545,24.66988],[91.4382,24.66919],[91.4418,24.65118],[91.44768,24.66515],[91.4627,24.66468],[91.46518,24.65747],[91.47609,24.66861],[91.48261,24.66404],[91.48422,24.671],[91.49364,24.66453],[91.49583,24.66901],[91.52255,24.66421],[91.52664,24.65659],[91.53043,24.66149],[91.53708,24.64823],[91.55004,24.66677],[91.55794,24.65823],[91.55999,24.66465],[91.57641,24.64533],[91.57686,24.65807],[91.56836,24.66443],[91.57988,24.67495],[91.58379,24.66109],[91.59097,24.65889],[91.59239,24.667],[91.61208,24.66979],[91.61406,24.67527],[91.62714,24.65622],[91.63199,24.65777],[91.63194,24.67211],[91.64913,24.67501]]]}},{"type":"Feature","properties":{"code":"16705992B47932115867008","name_en":"Sylhet"},"geometry":{"type":"Polygon","coordinates":[[[91.66092,24.62591],[91.67504,24.6312],[91.68424,24.60612],[91.72711,24.59344],[91.75015,24.59892],[91.77121,24.62561],[91.78121,24.62653],[91.78364,24.6433],[91.79482,24.64625],[91.80008,24.63755],[91.8282,24.65359],[91.83975,24.65251],[91.84652,24.64443],[91.86613,24.65742],[91.8846,24.657],[91.89018,24.64608],[91.90235,24.65194],[91.90323,24.66365],[91.9228,24.65245],[91.93108,24.66177],[91.93344,24.65511],[91.96381,24.64573],[91.96666,24.63892],[91.98383,24.64391],[91.99508,24.65511],[92.02898,24.65233],[92.0351,24.68738],[92.02572,24.69716],[92.03973,24.70679],[92.03927,24.70011],[92.0488,24.69728],[92.05965,24.71021],[92.0577,24.72863],[92.0633,24.71836],[92.08047,24.72355],[92.08423,24.74696],[92.07726,24.74921],[92.07827,24.76643],[92.09293,24.76486],[92.09936,24.75662],[92.11652,24.76547],[92.1271,24.7603],[92.17446,24.77348],[92.19408,24.76844],[92.1958,24.80276],[92.21138,24.80526],[92.21314,24.81321],[92.22902,24.81911],[92.24355,24.81952],[92.23734,24.83128],[92.25487,24.83858],[92.24242,24.84058],[92.23485,24.8615],[92.23825,24.86837],[92.24619,24.86761],[92.24803,24.88563],[92.23653,24.8921],[92.23475,24.90395],[92.2475,24.90945],[92.28003,24.9057],[92.30066,24.91567],[92.30718,24.90174],[92.32638,24.896],[92.33966,24.87834],[92.34751,24.89337],[92.36319,24.87259],[92.37542,24.87448],[92.3859,24.85333],[92.40022,24.84969],[92.40721,24.86013],[92.42501,24.85413],[92.43642,24.8572],[92.44517,24.8731],[92.47618,24.86828],[92.48949,24.87266],[92.49673,24.90221],[92.49452,24.91601],[92.48394,24.9286],[92.48726,24.94725],[92.44957,24.93873],[92.44965,24.95012],[92.46608,24.95719],[92.46777,24.96351],[92.45739,24.97068],[92.44778,24.96585],[92.41943,24.96757],[92.42205,24.98849],[92.41431,24.9903],[92.42408,25.01025],[92.42522,25.02966],[92.40219,25.03194],[92.38372,25.04246],[92.36962,25.041],[92.36291,25.05002],[92.34141,25.04866],[92.34848,25.07364],[92.33446,25.07861],[92.32215,25.07827],[92.31903,25.07003],[92.31055,25.06917],[92.23116,25.09714],[92.22774,25.0937],[92.22179,25.10418],[92.19609,25.10816],[92.20034,25.12012],[92.21953,25.11611],[92.19442,25.12575],[92.19142,25.13537],[92.18382,25.1182],[92.1789,25.12638],[92.15949,25.12671],[92.16481,25.1306],[92.15874,25.13311],[92.16567,25.13602],[92.13576,25.13886],[92.1445,25.13979],[92.1343,25.14297],[92.1341,25.15329],[92.13964,25.15468],[92.13283,25.16027],[92.07376,25.18506],[92.04046,25.18649],[92.02611,25.17931],[92.00342,25.18624],[91.98051,25.17179],[91.93094,25.18121],[91.89844,25.1802],[91.88056,25.17303],[91.87588,25.17755],[91.85551,25.17262],[91.8271,25.17795],[91.77447,25.16328],[91.75847,25.1685],[91.75595,25.1776],[91.74472,25.17039],[91.74974,25.15935],[91.74243,25.14449],[91.74757,25.14027],[91.70364,25.16008],[91.70045,25.15607],[91.71277,25.14696],[91.7139,25.13603],[91.72791,25.12912],[91.7185,25.09272],[91.73436,25.07564],[91.72903,25.06975],[91.73499,25.06536],[91.71005,25.06636],[91.68748,25.05797],[91.68741,25.04145],[91.67213,25.03917],[91.68098,25.02452],[91.66803,25.02302],[91.69663,24.99774],[91.66602,24.99864],[91.70363,24.98086],[91.69936,24.97523],[91.71227,24.96466],[91.70462,24.94951],[91.71371,24.94656],[91.6908,24.93826],[91.69386,24.92945],[91.68558,24.9155],[91.69512,24.91136],[91.68108,24.90478],[91.69486,24.90141],[91.67697,24.88978],[91.68348,24.88987],[91.68411,24.87818],[91.69583,24.87766],[91.69779,24.86677],[91.68499,24.86061],[91.68244,24.87005],[91.67376,24.87187],[91.67519,24.8572],[91.6573,24.84681],[91.66488,24.83514],[91.66144,24.82377],[91.65711,24.83392],[91.66255,24.81547],[91.65809,24.81608],[91.65825,24.80861],[91.67408,24.80657],[91.67691,24.79355],[91.67037,24.79082],[91.67514,24.78671],[91.6524,24.79351],[91.64729,24.78344],[91.63616,24.78045],[91.6486,24.78111],[91.64975,24.77042],[91.66331,24.77259],[91.67747,24.75812],[91.65957,24.74255],[91.67421,24.72413],[91.67207,24.71914],[91.65962,24.7238],[91.65275,24.71662],[91.66133,24.70063],[91.64387,24.69783],[91.64324,24.69124],[91.6472,24.69685],[91.65447,24.69497],[91.64913,24.67501],[91.65739,24.67935],[91.64031,24.65709],[91.64559,24.64225],[91.63157,24.63055],[91.66092,24.62591]]]}},{"type":"Feature","properties":{"code":"16705992B55867939933107","name_en":"Tangail"},"geometry":{"type":"Polygon","coordinates":[[[90.14755,24.03354],[90.15041,24.05224],[90.16184,24.05508],[90.15776,24.06427],[90.177,24.0748],[90.17336,24.10802],[90.20093,24.09378],[90.23043,24.10603],[90.21719,24.12841],[90.22596,24.1625],[90.26616,24.21512],[90.29002,24.22608],[90.28825,24.24161],[90.30039,24.25439],[90.30083,24.26936],[90.28113,24.2872],[90.2612,24.29159],[90.2479,24.3333],[90.23365,24.33478],[90.22884,24.34757],[90.24901,24.41527],[90.22925,24.41993],[90.20965,24.45964],[90.22274,24.46165],[90.24359,24.48127],[90.23585,24.48679],[90.22728,24.48322],[90.2139,24.49967],[90.20708,24.49733],[90.20363,24.50165],[90.20886,24.50869],[90.19202,24.51405],[90.18668,24.52292],[90.17434,24.51784],[90.16935,24.53766],[90.16126,24.53669],[90.15239,24.55001],[90.14602,24.56756],[90.15081,24.57473],[90.13989,24.57557],[90.12474,24.59631],[90.13056,24.61788],[90.14424,24.6236],[90.14807,24.63463],[90.1266,24.71787],[90.1328,24.73422],[90.09038,24.73719],[90.0885,24.75181],[90.09803,24.75631],[90.09196,24.75773],[90.0916,24.76851],[90.07578,24.78787],[90.04879,24.77396],[90.02665,24.77398],[90.02045,24.75475],[89.99557,24.74075],[89.99258,24.72834],[89.98134,24.72489],[89.95744,24.73135],[89.9624,24.73526],[89.95796,24.74428],[89.94129,24.74352],[89.93577,24.75719],[89.92156,24.75647],[89.92887,24.75123],[89.92747,24.74427],[89.9171,24.74619],[89.90743,24.73448],[89.90179,24.742],[89.90274,24.73467],[89.88035,24.74155],[89.88435,24.73887],[89.87823,24.73152],[89.87999,24.70827],[89.8941,24.69629],[89.89941,24.68149],[89.89124,24.67426],[89.87806,24.67904],[89.86545,24.66148],[89.86881,24.64901],[89.84238,24.64451],[89.84788,24.63704],[89.84261,24.63141],[89.8533,24.61996],[89.84184,24.62377],[89.83682,24.60843],[89.82706,24.6086],[89.83516,24.60288],[89.82307,24.5952],[89.82806,24.58668],[89.81,24.58361],[89.81817,24.57584],[89.8099,24.57289],[89.81154,24.56668],[89.78907,24.57229],[89.77314,24.56455],[89.76742,24.55652],[89.76993,24.54002],[89.74628,24.53731],[89.74757,24.52032],[89.73856,24.52306],[89.73411,24.51793],[89.75816,24.49955],[89.74741,24.48301],[89.75752,24.48303],[89.74238,24.47065],[89.74236,24.4557],[89.75517,24.45534],[89.74658,24.43054],[89.76599,24.37583],[89.75275,24.36083],[89.75167,24.35068],[89.77151,24.33035],[89.77421,24.30151],[89.79016,24.27602],[89.78304,24.23673],[89.79855,24.17516],[89.77998,24.16647],[89.78771,24.15795],[89.80257,24.1601],[89.80697,24.14873],[89.82011,24.1405],[89.81633,24.11819],[89.8249,24.08825],[89.81701,24.06358],[89.78441,24.04095],[89.78563,24.00985],[89.77667,23.98753],[89.76437,23.97823],[89.77405,23.97353],[89.7868,23.98733],[89.79327,23.98691],[89.7927,23.97912],[89.80351,23.97927],[89.80622,23.97308],[89.82661,23.9813],[89.85539,23.96359],[89.86896,23.97133],[89.86635,23.99162],[89.8765,23.99417],[89.88152,23.97106],[89.89292,23.9701],[89.88927,23.9798],[89.90552,23.988],[89.90705,23.99863],[89.91386,23.9945],[89.93704,24.00654],[89.93136,23.99592],[89.94723,24.00433],[89.93871,24.01182],[89.9474,24.01662],[89.94844,24.02827],[89.95876,24.01532],[89.96687,24.0144],[89.97211,24.03604],[89.98074,24.03273],[89.98541,24.01861],[89.97662,24.01756],[89.97715,24.0119],[89.98852,24.00944],[89.99021,23.9991],[90.00903,24.00322],[90.00463,24.01619],[90.01825,24.02174],[90.01727,24.03131],[90.01042,24.03325],[90.01653,24.04432],[90.01743,24.03612],[90.02718,24.03394],[90.01964,24.02874],[90.0247,24.02104],[90.0636,24.02926],[90.06595,24.03744],[90.07449,24.03382],[90.07508,24.04115],[90.10818,24.01757],[90.10994,24.02653],[90.14755,24.03354]]]}},{"type":"Feature","properties":{"code":"16705992B44482388014877","name_en":"Thakurgaon"},"geometry":{"type":"Polygon","coordinates":[[[88.62676,26.05593],[88.63787,26.07038],[88.63653,26.07911],[88.64653,26.08267],[88.64116,26.1027],[88.63427,26.10423],[88.63837,26.10791],[88.62197,26.13064],[88.59679,26.14401],[88.58601,26.14124],[88.58535,26.15035],[88.57267,26.14963],[88.56583,26.16425],[88.5595,26.16563],[88.56368,26.17535],[88.54452,26.18152],[88.548,26.18918],[88.53423,26.17854],[88.52198,26.18036],[88.51667,26.20098],[88.4775,26.20382],[88.45986,26.19309],[88.4517,26.19844],[88.43339,26.19554],[88.43157,26.20138],[88.41692,26.20404],[88.40946,26.20403],[88.41545,26.19779],[88.40817,26.19513],[88.38561,26.20117],[88.38514,26.18358],[88.37016,26.17901],[88.34344,26.18981],[88.33067,26.185],[88.3338,26.19148],[88.31706,26.20496],[88.29824,26.1971],[88.28557,26.20025],[88.26929,26.1866],[88.24177,26.18918],[88.23276,26.18402],[88.23702,26.17745],[88.22609,26.17308],[88.22777,26.16858],[88.21283,26.16919],[88.21518,26.16309],[88.204,26.15918],[88.19612,26.16339],[88.19451,26.15203],[88.18943,26.15507],[88.17715,26.14807],[88.17762,26.12226],[88.16242,26.10548],[88.15833,26.09496],[88.1643,26.08571],[88.15841,26.08079],[88.16728,26.08454],[88.18229,26.07207],[88.18547,26.06344],[88.17601,26.05813],[88.17926,26.0466],[88.16949,26.04533],[88.17536,26.03979],[88.1727,26.03161],[88.18279,26.02673],[88.13962,26.01302],[88.14364,26.00047],[88.12964,25.99704],[88.1278,25.97671],[88.11929,25.97168],[88.1246,25.968],[88.11515,25.96285],[88.12232,25.94846],[88.11291,25.94376],[88.11115,25.9332],[88.09464,25.9315],[88.08578,25.91568],[88.09364,25.91118],[88.09032,25.89647],[88.10293,25.88931],[88.09386,25.8744],[88.10004,25.87324],[88.10286,25.86183],[88.10892,25.86914],[88.11382,25.85457],[88.10143,25.84351],[88.10771,25.83876],[88.10109,25.8291],[88.11153,25.82173],[88.10699,25.81518],[88.12007,25.81258],[88.11442,25.79802],[88.14418,25.79373],[88.14163,25.78023],[88.15215,25.77576],[88.15931,25.78759],[88.17235,25.78673],[88.1837,25.80178],[88.19341,25.80164],[88.19943,25.79007],[88.20909,25.78721],[88.21491,25.80091],[88.2322,25.79786],[88.23536,25.80854],[88.24685,25.80605],[88.24857,25.81349],[88.25958,25.81392],[88.27086,25.80504],[88.26846,25.7808],[88.29074,25.77385],[88.28901,25.76789],[88.31634,25.75319],[88.32089,25.73758],[88.33752,25.73771],[88.34406,25.72954],[88.35879,25.72817],[88.35673,25.72142],[88.37393,25.71731],[88.37143,25.69665],[88.39145,25.69359],[88.39012,25.6841],[88.40405,25.6851],[88.40165,25.67267],[88.42711,25.6697],[88.42837,25.6877],[88.43814,25.68902],[88.43619,25.7084],[88.42703,25.70689],[88.42357,25.71492],[88.43412,25.71807],[88.42564,25.72064],[88.42844,25.72866],[88.41879,25.72954],[88.41523,25.73673],[88.4051,25.72853],[88.39208,25.74332],[88.38274,25.79365],[88.39085,25.81098],[88.38627,25.83976],[88.39884,25.84191],[88.40846,25.86845],[88.42244,25.85551],[88.42589,25.86099],[88.41751,25.86934],[88.42215,25.87102],[88.43581,25.86572],[88.43469,25.8709],[88.4432,25.87138],[88.44459,25.86195],[88.45308,25.85841],[88.46076,25.86197],[88.46131,25.87331],[88.46973,25.86329],[88.48426,25.8656],[88.4855,25.8852],[88.47542,25.88866],[88.48264,25.88789],[88.47999,25.90271],[88.50183,25.90561],[88.50859,25.91618],[88.50282,25.91372],[88.50325,25.92435],[88.49567,25.92792],[88.50627,25.92609],[88.50767,25.91784],[88.5119,25.94133],[88.52357,25.95163],[88.53687,25.95189],[88.53054,25.99149],[88.54543,25.99806],[88.54586,26.01919],[88.5656,26.02372],[88.55742,26.02846],[88.56942,26.02715],[88.5734,26.01995],[88.58933,26.0204],[88.60919,26.03519],[88.60568,26.05105],[88.61872,26.05699],[88.61594,26.06289],[88.62676,26.05593]]]}}]}